-- MySQL dump 10.13  Distrib 5.7.16, for Win64 (x86_64)
--
-- Host: 127.0.0.1    Database: goods
-- ------------------------------------------------------
-- Server version	5.7.16-log

/*!40101 SET @OLD_CHARACTER_SET_CLIENT=@@CHARACTER_SET_CLIENT */;
/*!40101 SET @OLD_CHARACTER_SET_RESULTS=@@CHARACTER_SET_RESULTS */;
/*!40101 SET @OLD_COLLATION_CONNECTION=@@COLLATION_CONNECTION */;
/*!40101 SET NAMES utf8 */;
/*!40103 SET @OLD_TIME_ZONE=@@TIME_ZONE */;
/*!40103 SET TIME_ZONE='+00:00' */;
/*!40014 SET @OLD_UNIQUE_CHECKS=@@UNIQUE_CHECKS, UNIQUE_CHECKS=0 */;
/*!40014 SET @OLD_FOREIGN_KEY_CHECKS=@@FOREIGN_KEY_CHECKS, FOREIGN_KEY_CHECKS=0 */;
/*!40101 SET @OLD_SQL_MODE=@@SQL_MODE, SQL_MODE='NO_AUTO_VALUE_ON_ZERO' */;
/*!40111 SET @OLD_SQL_NOTES=@@SQL_NOTES, SQL_NOTES=0 */;

--
-- Table structure for table `t_admin`
--

DROP TABLE IF EXISTS `t_admin`;
/*!40101 SET @saved_cs_client     = @@character_set_client */;
/*!40101 SET character_set_client = utf8 */;
CREATE TABLE `t_admin` (
  `adminId` char(32) NOT NULL,
  `adminname` varchar(50) DEFAULT NULL,
  `adminpwd` varchar(50) DEFAULT NULL,
  PRIMARY KEY (`adminId`)
) ENGINE=InnoDB DEFAULT CHARSET=utf8;
/*!40101 SET character_set_client = @saved_cs_client */;

--
-- Dumping data for table `t_admin`
--

LOCK TABLES `t_admin` WRITE;
/*!40000 ALTER TABLE `t_admin` DISABLE KEYS */;
INSERT INTO `t_admin` VALUES ('a1','zhanlong','123456'),('a2','guanYu','123'),('a3','zhangSanFei','123');
/*!40000 ALTER TABLE `t_admin` ENABLE KEYS */;
UNLOCK TABLES;

--
-- Table structure for table `t_book`
--

DROP TABLE IF EXISTS `t_book`;
/*!40101 SET @saved_cs_client     = @@character_set_client */;
/*!40101 SET character_set_client = utf8 */;
CREATE TABLE `t_book` (
  `bid` char(32) NOT NULL,
  `bname` varchar(200) DEFAULT NULL,
  `author` varchar(50) DEFAULT NULL,
  `price` decimal(8,2) DEFAULT NULL,
  `currPrice` decimal(8,2) DEFAULT NULL,
  `discount` decimal(3,1) DEFAULT NULL,
  `press` varchar(100) DEFAULT NULL,
  `publishtime` char(10) DEFAULT NULL,
  `edition` int(11) DEFAULT NULL,
  `pageNum` int(11) DEFAULT NULL,
  `wordNum` int(11) DEFAULT NULL,
  `printtime` char(10) DEFAULT NULL,
  `booksize` int(11) DEFAULT NULL,
  `registrationNumber` varchar(10) DEFAULT NULL,
  `cid` char(32) DEFAULT NULL,
  `image_w` varchar(100) DEFAULT NULL,
  `image_b` varchar(100) DEFAULT NULL,
  `orderBy` int(11) NOT NULL AUTO_INCREMENT,
  PRIMARY KEY (`bid`),
  KEY `orderBy` (`orderBy`),
  KEY `FK_t_book_t_category` (`cid`),
  CONSTRAINT `FK_t_book_t_category` FOREIGN KEY (`cid`) REFERENCES `t_category` (`cid`)
) ENGINE=InnoDB AUTO_INCREMENT=265 DEFAULT CHARSET=utf8;
/*!40101 SET character_set_client = @saved_cs_client */;

--
-- Dumping data for table `t_book`
--

LOCK TABLES `t_book` WRITE;
/*!40000 ALTER TABLE `t_book` DISABLE KEYS */;
INSERT INTO `t_book` VALUES ('0001E4D0AAF848CD83C4C70B08047EF6','船舶涂装技术','',16.20,16.20,10.0,'《船舶涂装技术》编写组','',1,268,0,'',16,'CB-120/2','D45D96DA359A4FEAB3AB4DCF2157FC06','book_img/CB-120_w.jpg','book_img/CB-120_b.jpg',153),('004D76DB45E249C6AAEC7E216B9A26D0','初级船舶电工操作技能','杨石林',9.00,9.00,10.0,'哈尔滨工程大学','2005-3',1,95,0,'2005-3',16,'CB-007','A9CFBED0F77746C5BD751F2502FAB2CD','book_img/CB-007_w.jpg','book_img/CB-007_b.jpg',8),('01A9573401A944C5888F1C6BA31DAD8A','焊接冶金学','张文钺',35.00,35.00,10.0,'机械工业出版社','2014-6',1,316,0,'2014-6',16,'CB-201/1','F5C091B3967442A2B35EFEFC4EF8746F','book_img/CB-201_w.jpg','book_img/CB-201_b.jpg',249),('03F8F938A495485F8741C44598791ADB','初级船体装配工工艺学','金仲达',9.50,9.50,10.0,'哈尔滨工程大学','2006-3',1,111,0,'2006-3',16,'CB-005','D45D96DA359A4FEAB3AB4DCF2157FC06','book_img/CB-005_w.jpg','book_img/CB-005_b.jpg',6),('03FB91A2B88A44AA8FA6B7953DC3BA29','船舶概论','熊仕涛',20.00,20.00,10.0,'哈尔滨工程大学','2006-9',1,186,0,'2006-9',16,'CB-100','D45D96DA359A4FEAB3AB4DCF2157FC06','book_img/CB-100_w.jpg','book_img/CB-100_b.jpg',128),('05ED5E13A54940989B9A9717FB6443B4','电焊工（初级、中级、高级）','《职业技能鉴定教程》《职业技能鉴定指导》编审委员会',17.40,17.40,10.0,'中国劳动出版社','2013-2',1,180,0,'2013-2',16,'CB-199/2','F5C091B3967442A2B35EFEFC4EF8746F','book_img/CB-199_w.jpg','book_img/CB-199_b.jpg',244),('0652F82FE47A4C52B3D71FF9373F0C0F','船舶轮机（英文版）','',NULL,NULL,10.0,'','',1,360,0,'',16,'CB-047','F4FBD087EB054CA1896093F172AC33D9','book_img/CB-047_w.jpg','book_img/CB-047_b.jpg',55),('07A77655952A433795513D55FD2E2495','船舶工程导论','刘善平',45.00,45.00,10.0,'人民交通','2010-6',1,318,0,'2010-6',16,'CB-163/1','D45D96DA359A4FEAB3AB4DCF2157FC06','book_img/CB-163_w.jpg','book_img/CB-163_b.jpg',206),('089CEE097ADC4F63BAE83FB711EEEE09','《船体生产设计》课程设计指导和案例','赵虹等',14.10,14.10,10.0,'江苏科技大学','2007-4',1,178,0,'2007-4',16,'CB-061/1','D45D96DA359A4FEAB3AB4DCF2157FC06','book_img/CB-061-1_w.jpg','book_img/CB-061-1_b.jpg',77),('0AB375BF732D40C986B7466849212DC2','船舶电工操作技能','杨石林',16.50,16.50,10.0,'哈尔滨工程大学','2003-6',1,193,0,'2003-6',16,'CB-006','A9CFBED0F77746C5BD751F2502FAB2CD','book_img/CB-006_w.jpg','book_img/CB-006_b.jpg',7),('0BA8F99087FC4728A9EC0950E53729E8','船舶制造基础','杨敏',19.00,19.00,10.0,'国防工业','',1,192,0,'',16,'CB-128/1','D45D96DA359A4FEAB3AB4DCF2157FC06','book_img/CB-128-1_w.jpg','book_img/CB-128-1_b.jpg',166),('0BB318A931B14DD7987784C4013B089A','金属材料焊接工艺','李荣雪',24.00,24.00,10.0,'机械工业出版社','2011-1',1,196,0,'2011-1',16,'CB-183','F5C091B3967442A2B35EFEFC4EF8746F','book_img/CB-183_w.jpg','book_img/CB-183_b.jpg',227),('0BDBFC5392DD4AB99142605586C3C458','船舶性能试验技术','郝亚平',16.10,16.10,10.0,'国防工业','',1,190,0,'',16,'CB-127/1','D45D96DA359A4FEAB3AB4DCF2157FC06','book_img/CB-127_w.jpg','book_img/CB-127_b.jpg',164),('0D2D8CBB14274987B043E5BFF6CB86B2','船舶机电基础','倪依纯',17.00,17.00,10.0,'人民交通','2007-1',1,134,0,'2007-1',16,'CB-195','F4FBD087EB054CA1896093F172AC33D9','book_img/CB-195_w.jpg','book_img/CB-195_b.jpg',239),('0E8D3282E34C4361944CF98F9E39185A','船舶除锈涂装工','沈子玉',18.00,18.00,10.0,'国防工业','2008-7',1,160,0,'2008-7',16,'CB-095','D45D96DA359A4FEAB3AB4DCF2157FC06','book_img/CB-095_w.jpg','book_img/CB-095_b.jpg',123),('10AE668A48EA4D8DBD2401802DC9D978','船舶与海洋工程概论','谢祚水',13.00,13.00,10.0,'国防工业','',1,228,0,'',16,'CB-064/1','D45D96DA359A4FEAB3AB4DCF2157FC06','book_img/CB-064_w.jpg','book_img/CB-064_b.jpg',83),('10C2171E38B44260BE3C9654A4D417B5','《船舶设计原理》课程设计指导书','谢云平',1.70,1.70,10.0,'江苏科技大学船舶与海洋工程学院','2006-12',1,NULL,0,'2006-12',16,'CB-056/1','D45D96DA359A4FEAB3AB4DCF2157FC06','book_img/CB-056-1_w.jpg','book_img/CB-056-1_b.jpg',67),('10C2B6F6798F4172802826C696ED8C90','船舶工程导论','刘善平',45.00,45.00,10.0,'人民交通','2010-6',1,318,0,'2010-6',16,'CB-163/2','D45D96DA359A4FEAB3AB4DCF2157FC06','book_img/CB-163_w.jpg','book_img/CB-163_b.jpg',207),('135AD304BD884843B289A715ECD5F798','舱室设计','孙庭秀',13.00,13.00,10.0,'哈尔滨工程大学','2006-3',1,141,0,'2006-3',16,'CB-105','D45D96DA359A4FEAB3AB4DCF2157FC06','book_img/CB-105_w.jpg','book_img/CB-105_b.jpg',134),('13B0610C2C104B33A4033B7FA053D39F','焊接结构学','方洪渊',32.00,32.00,10.0,'机械工业出版社','2009-6',1,317,0,'2009-6',16,'CB-203/4','F5C091B3967442A2B35EFEFC4EF8746F','book_img/CB-203_w.jpg','book_img/CB-203_b.jpg',262),('143E1CA545F14B8A95A162D1C89600E6','船舶电工工艺','郑恳，张德孝',22.00,22.00,10.0,'哈尔滨工程大学','2006-9',1,206,0,'2006-9',16,'CB-104','D45D96DA359A4FEAB3AB4DCF2157FC06','book_img/CB-104_w.jpg','book_img/CB-104_b.jpg',133),('14B5B8BBD0974394876B37728791B7F5','钣金工艺学（中级)','陶长根',19.50,19.50,10.0,'哈尔滨工程大学','1989-12',1,270,0,'1989-12',16,'CB-012','F4FBD087EB054CA1896093F172AC33D9','book_img/CB-012_w.jpg','book_img/CB-012_b.jpg',13),('152E577DB4FA41D9B0D1864C8D969AED','船舶焊接工工艺学（中级）','忻鼎乾，苪树祥',35.00,35.00,10.0,'哈尔滨工程大学','2006-6',1,411,0,'2006-6',16,'CB-150','F5C091B3967442A2B35EFEFC4EF8746F','book_img/jinggao_w.jpg','book_img/jinggao_b.jpg',192),('15839A8CE3E2428495DA0B28D82B1C7D','船舶动力装置','刘兴永',22.00,22.00,10.0,'人民交通','2006-8',1,177,0,'2006-8',16,'CB-154','FAB7B7F7084F4D57A0808ADC61117683','book_img/CB-154_w.jpg','book_img/CB-154_b.jpg',196),('1658CBF8658448C59B2B08AE9518C702','船舶结构与性能实验指导书（结构部分）','',2.40,2.40,10.0,'江苏科技大学船海学院','2006-01',1,25,0,'2006-01',16,'CB-053/2','D45D96DA359A4FEAB3AB4DCF2157FC06','book_img/CB-053-2_w.jpg','book_img/CB-053-2_b.jpg',63),('16BA37CA8297467E98F5FA9EA01DC8F0','通风与空气调节工程','徐勇',27.00,27.00,10.0,'机械工业出版社','2011-7',1,297,0,'2011-7',16,'CB-177','FAB7B7F7084F4D57A0808ADC61117683','book_img/CB-177_w.jpg','book_img/CB-177_b.jpg',221),('17BFA2D9276F40E1B201628B905031FA','《船体生产设计》课程设计指导和案例','赵虹等',14.10,14.10,10.0,'江苏科技大学','2007-4',1,178,0,'2007-4',16,'CB-061/2','D45D96DA359A4FEAB3AB4DCF2157FC06','book_img/CB-061-2_w.jpg','book_img/CB-061-2_b.jpg',78),('1CA737D170C44A49A104B051F816767C','船舶舾装工程','刁玉锋',26.00,26.00,10.0,'哈尔滨工程大学','2006-9',1,251,0,'2006-9',16,'CB-109','D45D96DA359A4FEAB3AB4DCF2157FC06','book_img/jinggao_w.jpg','book_img/jinggao_b.jpg',138),('1CE4C0ECE22148F1AFB017630AE241C1','实用焊接工艺手册','王洪光',39.00,39.00,10.0,'化学工业出版社','2010-3',1,524,0,'2010-3',16,'CB-145','F5C091B3967442A2B35EFEFC4EF8746F','book_img/CB-145_w.jpg','book_img/CB-145_b.jpg',187),('1D618A67FBB14721ADCFC7AD8FCFA47B','船舶结构力学','陈铁云，陈伯真',17.20,17.20,10.0,'上海交通大学','',1,319,0,'',16,'CB-124','D45D96DA359A4FEAB3AB4DCF2157FC06','book_img/CB-124_w.jpg','book_img/CB-124_b.jpg',160),('1FC9D891C38244A5AFCB20E990A5BB43','焊工操作技巧集锦100例','范绍林',25.00,25.00,10.0,'化学工业出版社','2008-1',1,329,0,'2008-1',16,'CB-142','F5C091B3967442A2B35EFEFC4EF8746F','book_img/CB-142_w.jpg','book_img/CB-142_b.jpg',184),('1FCD82E2E28A4FE3AF9869048A52CEA3','船舶结构与性能实验指导书（结构部分）','',2.40,2.40,10.0,'江苏科技大学船海学院','2006-01',1,25,0,'2006-01',16,'CB-053/1','D45D96DA359A4FEAB3AB4DCF2157FC06','book_img/CB-053-1_w.jpg','book_img/CB-053-1_b.jpg',62),('210830309AC74F28B0D76BF609497C28','船舶材料与焊接','曾平',23.00,23.00,10.0,'哈尔滨工程大学','2006-9',1,217,0,'2006-9',16,'CB-108','D45D96DA359A4FEAB3AB4DCF2157FC06','book_img/jinggao_w.jpg','book_img/jinggao_b.jpg',137),('227BF592FC9747638E178529825F956D','金属工艺学','王英杰，张芙丽',30.00,30.00,10.0,'机械工业出版社','2010-8',1,266,0,'2010-8',16,'CB-179','F5C091B3967442A2B35EFEFC4EF8746F','book_img/CB-179_w.jpg','book_img/CB-179_b.jpg',223),('2495A7E76ADC4E0EA15B36CCE4E61839','船舶设计教学手册','华乃导',72.00,72.00,10.0,'中国标准','1999-2',1,746,0,'1999-2',16,'CB-148','D45D96DA359A4FEAB3AB4DCF2157FC06','book_img/CB-148_w.jpg','book_img/CB-148_b.jpg',190),('24AE6CF10BAE4E8E87AC28E993BDB9A8','焊接冶金学','张文钺',35.00,35.00,10.0,'机械工业出版社','2014-6',1,316,0,'2014-6',16,'CB-201/2','F5C091B3967442A2B35EFEFC4EF8746F','book_img/CB-201_w.jpg','book_img/CB-201_b.jpg',250),('24F8FAC94FDA480CA4A41D8CF1F29A46','《模型试验技术》实验指导书','施奇，杨大明',1.70,1.70,10.0,'江苏科技大学船舶与海洋工程学院','2006-4',1,16,0,'2006-4',16,'CB-055/2','65640549B80E40B1981CDEC269BFFCAD','book_img/CB-055-2_w.jpg','book_img/CB-055-2_b.jpg',66),('269214D75E7641D38581D7EFA106C319','船用材料与加工工艺','顾善明',14.70,14.70,10.0,'人民交通','2002-7',1,184,0,'2002-7',16,'CB-116','D45D96DA359A4FEAB3AB4DCF2157FC06','book_img/CB-116_w.jpg','book_img/CB-116_b.jpg',145),('27381049EA084BAABEB0A8A5F4D662D4','船体建造与修理工艺','华乃导',28.50,28.50,10.0,'人民交通','2004-3',1,363,0,'2004-3',16,'CB-034','D45D96DA359A4FEAB3AB4DCF2157FC06','book_img/CB-034_w.jpg','book_img/CB-034_b.jpg',41),('2A20E9538E7C4EA3AD033AC34D029102','造船生产自动化','吴天俊',3.30,3.30,10.0,'国防大学','1991-4',1,190,0,'1991-4',16,'CB-015','D45D96DA359A4FEAB3AB4DCF2157FC06','book_img/CB-015_w.jpg','book_img/CB-015_b.jpg',16),('2A7CDEDD347747059995302861F92E20','船舶与海洋工程材料','姜锡瑞',15.00,15.00,10.0,'哈尔滨工程大学','2000-4',1,179,0,'2000-4',16,'CB-022','D45D96DA359A4FEAB3AB4DCF2157FC06','book_img/CB-022_w.jpg','book_img/CB-022_b.jpg',26),('2B4E202F4B8D4DFB98C55FDF5D8E6215','船舶电力拖动','宋谦',28.00,28.00,10.0,'哈尔滨工程大学','2006-8',1,274,0,'2006-8',16,'CB-107','D45D96DA359A4FEAB3AB4DCF2157FC06','book_img/CB-107_w.jpg','book_img/CB-107_b.jpg',136),('2B8D374512654F9D82D9C41C7A122240','焊接结构生产','李莉',25.00,25.00,10.0,'机械工业出版社','2011-2',1,199,0,'2011-2',16,'CB-185','F5C091B3967442A2B35EFEFC4EF8746F','book_img/CB-185_w.jpg','book_img/CB-185_b.jpg',229),('2BA5D7F17E0D46CF84B52E5E18CF2E75','柴油发动机维修技术300问','张金柱，韩玉敏',28.00,28.00,10.0,'化学工业出版社','2008-9',1,325,0,'2008-9',16,'CB-137','D45D96DA359A4FEAB3AB4DCF2157FC06','book_img/CB-137_w.jpg','book_img/CB-137_b.jpg',178),('2BDED3E0BFC447B7BCDB6E5E21D299B6','熔焊方法及设备','王宗杰',28.00,28.00,10.0,'机械工业出版社','2014-1',1,327,0,'2014-1',16,'CB-202/3','F5C091B3967442A2B35EFEFC4EF8746F','book_img/CB-202_w.jpg','book_img/CB-202_b.jpg',255),('2C3A135166754D58B0C6774EA937A8F6','造船生产技术','黄广茂',23.00,23.00,10.0,'哈尔滨工程大学','2007-2',1,239,0,'2007-2',16,'CB-025','D45D96DA359A4FEAB3AB4DCF2157FC06','book_img/CB-025_w.jpg','book_img/CB-025_b.jpg',29),('2D2300E257274CF1AED19A81305614FD','船体制图','杨永祥等',15.50,15.50,10.0,'哈尔滨工程大学','1995-11',1,178,0,'1995-11',16,'CB-021/2','D45D96DA359A4FEAB3AB4DCF2157FC06','book_img/jinggao_w.jpg','book_img/jinggao_b.jpg',24),('2F7A91F39D454612979477F378128351','船体结构制作实训指导','傅晓斌',9.00,9.00,10.0,'哈尔滨工程大学','2007-9',1,59,0,'2007-9',16,'CB-087','D45D96DA359A4FEAB3AB4DCF2157FC06','book_img/CB-087_w.jpg','book_img/CB-087_b.jpg',115),('31419A0A9EDE4F619F857D078C84E6EB','结构试验技术实验指导书','孙培林',9.30,9.30,10.0,'华东船舶工业学院一系','2002-9',1,133,0,'2002-9',16,'CB-129/1','D45D96DA359A4FEAB3AB4DCF2157FC06','book_img/CB-129_w.jpg','book_img/CB-129_b.jpg',168),('31BEB9703657423BAB26C7715D59D9B4','焊工 ','杨佩时',35.00,35.00,10.0,'化学工业出版社','2011-1',1,237,0,'2011-1',16,'CB-147','F5C091B3967442A2B35EFEFC4EF8746F','book_img/CB-147_w.jpg','book_img/CB-147_b.jpg',189),('3265D1E7FDAB49D19E6204EFB2B10917','商船建造（英文版）','',12.90,12.90,10.0,'','',1,231,0,'',16,'CB-118/2','D45D96DA359A4FEAB3AB4DCF2157FC06','book_img/CB-118_w.jpg','book_img/CB-118_b.jpg',149),('329E09D9086D456AAA09D675FEEA103C','熔焊方法及设备','王宗杰',28.00,28.00,10.0,'机械工业出版社','2014-1',1,327,0,'2014-1',16,'CB-202/4','F5C091B3967442A2B35EFEFC4EF8746F','book_img/CB-202_w.jpg','book_img/CB-202_b.jpg',256),('34385F9B4C5240E2B0F04BE3D74F908B','金属材料及热处理','高朝祥',15.00,15.00,10.0,'化学工业出版社','2007-1',1,202,0,'2007-1',16,'CB-144','F5C091B3967442A2B35EFEFC4EF8746F','book_img/CB-144_w.jpg','book_img/CB-144_b.jpg',186),('345BB041E6CF4A50AC7345451BCAAC2E','船舶切割工','何汉武，陈叶华',15.00,15.00,10.0,'国防工业','2008-7',1,120,0,'2008-7',16,'CB-094','F4FBD087EB054CA1896093F172AC33D9','book_img/CB-094_w.jpg','book_img/CB-094_b.jpg',122),('352DACF5658F44A789D75528BFA8262F','结构试验技术实验指导书','孙培林',9.30,9.30,10.0,'华东船舶工业学院一系','2002-9',1,133,0,'2002-9',16,'CB-129/2','D45D96DA359A4FEAB3AB4DCF2157FC06','book_img/CB-129_w.jpg','book_img/CB-129_b.jpg',169),('353432FBCFC84458B5309F0F78F98BD3','电焊工（初级、中级、高级）','《职业技能鉴定教程》《职业技能鉴定指导》编审委员会',17.40,17.40,10.0,'中国劳动出版社','2013-2',1,180,0,'2013-2',16,'CB-199/1','F5C091B3967442A2B35EFEFC4EF8746F','book_img/CB-199_w.jpg','book_img/CB-199_b.jpg',243),('3730EEE1354249A68984C6B6931FA34B','工程力学','张何阳，李立新',28.00,28.00,10.0,'哈尔滨工程大学','2007-2',1,247,0,'2007-2',16,'CB-023','F4FBD087EB054CA1896093F172AC33D9','book_img/CB-023_w.jpg','book_img/CB-023_b.jpg',27),('379AD37FB54C453498A7ABC641834EC9','船体结构（第三版）','吴仁元等',10.30,10.30,10.0,'国防工业','',1,174,0,'',16,'CB-071','D45D96DA359A4FEAB3AB4DCF2157FC06','book_img/CB-071_w.jpg','book_img/CB-071_b.jpg',96),('3948671C4D434FCD97155262ACEC6B78','造船工艺学习题（放样部分）','',2.00,2.00,10.0,'','',1,10,0,'',16,'CB-052/2','D45D96DA359A4FEAB3AB4DCF2157FC06','book_img/CB-052_w.jpg','book_img/CB-052_b.jpg',61),('3962CEEE4F6A402085C6C16AA06F902A','焊接结构制造工艺及实施','朱小兵，张祥生',30.00,30.00,10.0,'机械工业出版社','2011-1',1,267,0,'2011-1',16,'CB-182','F5C091B3967442A2B35EFEFC4EF8746F','book_img/CB-182_w.jpg','book_img/CB-182_b.jpg',226),('3B11051E957B4453AA1E9765C00C15D4','船舶焊接工工艺学','陈倩倩',16.00,16.00,10.0,'哈尔滨工程大学','2005-9',1,212,0,'2005-9',16,'CB-013','F5C091B3967442A2B35EFEFC4EF8746F','book_img/CB-013_w.jpg','book_img/CB-013_b.jpg',14),('3BC7FCF037F74AB6AF542D78E1E11358','金属熔焊原理及材料焊接','邱葭菲',35.00,35.00,10.0,'机械工业出版社','2011-7',1,288,0,'2011-7',16,'CB-180','F5C091B3967442A2B35EFEFC4EF8746F','book_img/CB-180_w.jpg','book_img/CB-180_b.jpg',224),('3DC162F9732F440A8885E3C076F8F0A3','工程热力学','章学来',42.00,42.00,10.0,'人民交通','2011-3',1,285,0,'2011-3',16,'CB-166','FAB7B7F7084F4D57A0808ADC61117683','book_img/CB-166_w.jpg','book_img/CB-166_b.jpg',210),('3E6645DC38EA4AE1A92ED63E1EF41CAC','船舶与海洋工程本科专业《船舶结构设计》指导书','尹群等',1.70,1.70,10.0,'江苏科技大学','2007-12',1,6,0,'2007-12',16,'CB-126/1','D45D96DA359A4FEAB3AB4DCF2157FC06','book_img/CB-126-1_w.jpg','book_img/CB-126-1_b.jpg',162),('3FAF50EB998945E5A99642F04EF6DB1E','船舶设计原理','顾敏童',29.00,29.00,10.0,'上海交通大学','1988-7',1,277,0,'1988-7',16,'CB-030/1','D45D96DA359A4FEAB3AB4DCF2157FC06','book_img/CB-030_w.jpg','book_img/CB-030_b.jpg',36),('403A6AEE0A9144A994C846B0A5D65E6A','船舶建造工艺学','徐兆康',23.00,23.00,10.0,'人民交通','2000-5',1,242,0,'2000-5',16,'CB-146','FAB7B7F7084F4D57A0808ADC61117683','book_img/CB-146_w.jpg','book_img/CB-146_b.jpg',188),('40A50E81D1E942808928193657E0D668','船舶建造质量检验','陆俊岫',35.00,35.00,10.0,'哈尔滨工程大学','',1,480,0,'',16,'CB-070/2','65640549B80E40B1981CDEC269BFFCAD','book_img/CB-070_w.jpg','book_img/CB-070_b.jpg',95),('41531A47C85647A68426997D0845054F','《船舶设计原理》课程设计指导书','谢云平',1.70,1.70,10.0,'江苏科技大学船舶与海洋工程学院','2006-12',1,NULL,0,'2006-12',16,'CB-056/2','D45D96DA359A4FEAB3AB4DCF2157FC06','book_img/CB-056-2_w.jpg','book_img/CB-056-2_b.jpg',68),('44C5A68B0B7242EF8CBA9443454397D1','船体装配工艺','王云梯',26.50,26.50,10.0,'哈尔滨工程大学','1994-10',1,315,0,'1994-10',16,'CB-003','A9CFBED0F77746C5BD751F2502FAB2CD','book_img/CB-003_w.jpg','book_img/CB-003_b.jpg',4),('4616BAB8CD254957A303C5295DBA01E5','焊接结构学','方洪渊',32.00,32.00,10.0,'机械工业出版社','2009-6',1,317,0,'2009-6',16,'CB-203/2','F5C091B3967442A2B35EFEFC4EF8746F','book_img/CB-203_w.jpg','book_img/CB-203_b.jpg',260),('4617BA2B39364AD5B256C16CDB68E43D','制冷设备维修工（中级）鉴定培训教材','李援瑛',23.00,23.00,10.0,'机械工业出版社','2010-1',1,290,0,'2010-1',16,'CB-186','FAB7B7F7084F4D57A0808ADC61117683','book_img/CB-186_w.jpg','book_img/CB-186_b.jpg',230),('46E7337C1BFE4F2CBBB8AF6928F71F73','船体制图','杨永祥等',15.50,15.50,10.0,'哈尔滨工程大学','1995-11',1,178,0,'1995-11',16,'CB-021/3','D45D96DA359A4FEAB3AB4DCF2157FC06','book_img/CB-021-3_w.jpg','book_img/CB-021-3_b.jpg',25),('47FEA703374D406F883DA672A462CE2B','玻璃钢制品手工成型工艺','邹宁宇',39.00,39.00,10.0,'化学工业出版社','2006-2',1,607,0,'2006-2',16,'CB-193','5F79D0D246AD4216AC04E9C5FAB3199E','book_img/CB-193_w.jpg','book_img/CB-193_b.jpg',237),('4A1DA275C1D44084837CE09CB9DE2164','船体放样实训指导','何志标',20.00,20.00,10.0,'哈尔滨工程大学','2008-1',1,168,0,'2008-1',16,'CB-086','D45D96DA359A4FEAB3AB4DCF2157FC06','book_img/CB-086_w.jpg','book_img/CB-086_b.jpg',114),('4A327EAA53F44231B1962B0ED00C409A','船舶涂装技术','',16.20,16.20,10.0,'《船舶涂装技术》编写组','',1,268,0,'',16,'CB-120/1','D45D96DA359A4FEAB3AB4DCF2157FC06','book_img/CB-120_w.jpg','book_img/CB-120_b.jpg',152),('4A37F364BB304DD2A997372E0695E160','AutoCAD2006中文版标准教程','胡仁喜',39.00,39.00,10.0,'科学出版社','2005-9',1,433,0,'2005-9',16,'CB-097','5F79D0D246AD4216AC04E9C5FAB3199E','book_img/CB-097_w.jpg','book_img/CB-097_b.jpg',125),('4A6B69F4A391454BB40C8D2A9F912CA9','船舶修造职业危害与防护','蒋德志',30.00,30.00,10.0,'人民交通','2011-1',1,185,0,'2011-1',16,'CB-161','D45D96DA359A4FEAB3AB4DCF2157FC06','book_img/CB-161_w.jpg','book_img/CB-161_b.jpg',203),('4A6FF47D983A474099725DAF72EEE98B','船体结构与强度设计','刘向东',28.00,28.00,10.0,'人民交通','2006-12',1,242,0,'2006-12',16,'CB-155','D45D96DA359A4FEAB3AB4DCF2157FC06','book_img/CB-155_w.jpg','book_img/CB-155_b.jpg',197),('4B2A50BDAB414E0D80BF8927172F277A','焊接质量管理与检验','曾金传',28.00,28.00,10.0,'机械工业出版社','2012-2',1,197,0,'2012-2',16,'CB-184','F5C091B3967442A2B35EFEFC4EF8746F','book_img/CB-184_w.jpg','book_img/CB-184_b.jpg',228),('4B5493DCAAB544D6B68723D381908B18','船体装配操作技能','曹峰',13.00,13.00,10.0,'哈尔滨工程大学','1994-10',1,162,0,'1994-10',16,'CB-004','D45D96DA359A4FEAB3AB4DCF2157FC06','book_img/CB-004_w.jpg','book_img/CB-004_b.jpg',5),('4BBFDF72214446C993061D65531540B8','船舶柴油机及安装','王福根',30.00,30.00,10.0,'哈尔滨工程大学','2004-7',1,262,0,'2004-7',16,'CB-083','34000D7FB55E49D9A6B1B2C59F472AFA','book_img/CB-083_w.jpg','book_img/CB-083_b.jpg',111),('4F6974BA864B4F4FA0E5F4E8E8A9B263','造船成组技术','陈彬',18.00,18.00,10.0,'哈尔滨工程大学','2007-2',1,151,0,'2007-2',16,'CB-103/2','D45D96DA359A4FEAB3AB4DCF2157FC06','book_img/CB-103_w.jpg','book_img/CB-103_b.jpg',132),('4F7569B9DC59469A9723E3C2A2613173','造船生产设计','中国船舶工业总公司造船       生产设计指导组',18.00,18.00,10.0,'武汉船舶职业技术学院翻印','1989-2',1,353,0,'1989-2',16,'CB-038','D45D96DA359A4FEAB3AB4DCF2157FC06','book_img/CB-038_w.jpg','book_img/CB-038_b.jpg',45),('50A11A58C25A40D297F7AB0A552F3C62','船体CAD∕CAM','彭辉',28.00,28.00,10.0,'人民交通','2007-1',1,236,0,'2007-1',16,'CB-073/3','D45D96DA359A4FEAB3AB4DCF2157FC06','book_img/CB-073_w.jpg','book_img/CB-073_b.jpg',100),('5142DFCE052B426AA57FA83931F098DA','焊接冶金学','张文钺',35.00,35.00,10.0,'机械工业出版社','2014-6',1,316,0,'2014-6',16,'CB-201/3','F5C091B3967442A2B35EFEFC4EF8746F','book_img/CB-201_w.jpg','book_img/CB-201_b.jpg',251),('523B51B3967F478FBFDD13AEB9750382','船舶涂装与船体检验（英文版）','',NULL,NULL,10.0,'','',1,431,0,'',16,'CB-041','D45D96DA359A4FEAB3AB4DCF2157FC06','book_img/CB-041_w.jpg','book_img/CB-041_b.jpg',49),('52518FDFA88545C59D42AAD643A5EACA','船体CAD∕CAM','彭辉',28.00,28.00,10.0,'人民交通','2007-1',1,236,0,'2007-1',16,'CB-073/2','D45D96DA359A4FEAB3AB4DCF2157FC06','book_img/CB-073_w.jpg','book_img/CB-073_b.jpg',99),('5380D4C8BD7A4E8E84EBE2AC099EB851','高级船舶管系工工艺学（技师）','刘光亚',12.00,12.00,10.0,'哈尔滨工程大学','2005-1',1,142,0,'2005-1',16,'CB-014','A9CFBED0F77746C5BD751F2502FAB2CD','book_img/CB-014_w.jpg','book_img/CB-014_b.jpg',15),('54D0078DBB2F4E2BBAC2C2A9102063DC','造船CAD∕CAM实训指导','彭辉',26.00,26.00,10.0,'哈尔滨工程大学','2007-10',1,237,0,'2007-10',16,'CB-085','D45D96DA359A4FEAB3AB4DCF2157FC06','book_img/CB-085_w.jpg','book_img/CB-085_b.jpg',113),('580E0F7D315645CFBE739E40D665A223','船舶设计基础','蔡厚平',23.00,23.00,10.0,'哈尔滨工程大学','2006-9',1,221,0,'2006-9',16,'CB-102','D45D96DA359A4FEAB3AB4DCF2157FC06','book_img/CB-102_w.jpg','book_img/CB-102_b.jpg',130),('59490F29EE8F44719B9D01B93B88AEB6','初级船舶气割工工艺学','曹光海，韩云枢',12.00,12.00,10.0,'哈尔滨工程大学','2007-2',1,85,0,'2007-2',16,'CB-018','D45D96DA359A4FEAB3AB4DCF2157FC06','book_img/CB-018_w.jpg','book_img/CB-018_b.jpg',19),('5C7072392CD8450787506E0FF4C93783','船舶结构与设备','王忠',15.00,15.00,10.0,'人民交通','2002-7',1,185,0,'2002-7',16,'CB-020/1','D45D96DA359A4FEAB3AB4DCF2157FC06','book_img/CB-020_w.jpg','book_img/CB-020_b.jpg',21),('5DEC845C4E754A2A8FEEC79A58128ACD','造船成组技术','陈彬',18.00,18.00,10.0,'哈尔滨工程大学','2007-2',1,151,0,'2007-2',16,'CB-103/1','D45D96DA359A4FEAB3AB4DCF2157FC06','book_img/CB-103_w.jpg','book_img/CB-103_b.jpg',131),('5ED48B4D55364FB28969CC1710692AAE','船舶修造安全概论','周明顺',40.00,40.00,10.0,'人民交通','2011-1',1,289,0,'2011-1',16,'CB-162/1','D45D96DA359A4FEAB3AB4DCF2157FC06','book_img/CB-162_w.jpg','book_img/CB-162_b.jpg',204),('5FB6FD1F356F4F22B51FE1B5AC76C206','船舶电气工程概论','陈胜林等',14.00,14.00,10.0,'哈尔滨工程大学','2007-1',1,109,0,'2007-1',16,'CB-016','A9CFBED0F77746C5BD751F2502FAB2CD','book_img/CB-016_w.jpg','book_img/CB-016_b.jpg',17),('6041BDEB9B894E44B58D48EAA2227E9C','焊接结构学','方洪渊',32.00,32.00,10.0,'机械工业出版社','2009-6',1,317,0,'2009-6',16,'CB-203/5','F5C091B3967442A2B35EFEFC4EF8746F','book_img/CB-203_w.jpg','book_img/CB-203_b.jpg',263),('63364AE7F150484783040C38A97A7A8A','船体制图（含图册）','',65.00,65.00,10.0,'国防工业','',1,305,0,'',16,'CB-067/2','D45D96DA359A4FEAB3AB4DCF2157FC06','book_img/CB-067-2_w.jpg','book_img/CB-067-2_b.jpg',88),('633A00A201E744C3ACEF1E32B7DF6A46','初级船舶气割工工艺学','曹先海，韩云枢',12.00,12.00,10.0,'哈尔滨工程大学','2007-2',1,85,0,'2007-2',16,'CB-092','F4FBD087EB054CA1896093F172AC33D9','book_img/CB-092_w.jpg','book_img/CB-092_b.jpg',120),('64074316723544E78E4C4A7E9C663470','工程船','',22.70,22.70,10.0,'国防工业','',1,541,0,'',16,'CB-121/1','D45D96DA359A4FEAB3AB4DCF2157FC06','book_img/CB-121_w.jpg','book_img/CB-121_b.jpg',154),('6711D8F54BAC4D78A974E8F8A397D717','船舶设计原理（修订本）','林杰人',12.20,12.20,10.0,'国防工业','',1,241,0,'',16,'CB-068/2','D45D96DA359A4FEAB3AB4DCF2157FC06','book_img/CB-068_w.jpg','book_img/CB-068_b.jpg',91),('677AF79D04BB41C0800E1A81DF2AA127','计算机船舶绘图操作','彭辉',10.20,10.20,10.0,'人民交通','2002-9',1,124,0,'2002-9',16,'CB-089','D45D96DA359A4FEAB3AB4DCF2157FC06','book_img/CB-089_w.jpg','book_img/CB-089_b.jpg',117),('678302589DC6472EA697C3590FA769D7','船体建造测量与数据处理技术','叶家玮',22.00,22.00,10.0,'华南理工大学','2001-12',1,220,0,'2001-12',16,'CB-037','D45D96DA359A4FEAB3AB4DCF2157FC06','book_img/CB-037_w.jpg','book_img/CB-037_b.jpg',44),('6817630302F9442CB25BB67600C1C580','船舶工程专业英语','黄德波',17.50,17.50,10.0,'哈尔滨工程大学','2001-8',1,280,0,'2001-8',16,'CB-191','D45D96DA359A4FEAB3AB4DCF2157FC06','book_img/CB-191_w.jpg','book_img/CB-191_b.jpg',235),('68A38B1B13B943E4BB33A94FF00CB79D','船体冷加工','金鹏华',18.00,18.00,10.0,'国防工业','2008-7',1,142,0,'2008-7',16,'CB-132','F4FBD087EB054CA1896093F172AC33D9','book_img/CB-132_w.jpg','book_img/CB-132_b.jpg',173),('6AD2AEC41DA94F728BAF4F149CFB9851','船舶原理','刘雪梅',23.00,23.00,10.0,'哈尔滨工程大学','2005-2',1,233,0,'2005-2',16,'CB-024','D45D96DA359A4FEAB3AB4DCF2157FC06','book_img/CB-024_w.jpg','book_img/CB-024_b.jpg',28),('6AEAE69BFF974411936C65DCA72B560A','船舶概论','张德孝',28.00,28.00,10.0,'化学工业出版社','2010-9',1,209,0,'2010-9',16,'CB-133','D45D96DA359A4FEAB3AB4DCF2157FC06','book_img/CB-133_w.jpg','book_img/CB-133_b.jpg',174),('6B51ED374C54435FA8FA8C7113D40D9E','船舶焊接工艺','王鸿斌',24.00,24.00,10.0,'人民交通','2007-2',1,205,0,'2007-2',16,'CB-075','F5C091B3967442A2B35EFEFC4EF8746F','book_img/jinggao_w.jpg','book_img/jinggao_b.jpg',103),('6C4AE7AE5F2E49BAB9A97D23527438C1','船体结构强度直接计算指南','',3.10,3.10,10.0,'北京','2001',1,NULL,0,'2001',16,'CB-057/2','D45D96DA359A4FEAB3AB4DCF2157FC06','book_img/CB-057-2_w.jpg','book_img/CB-057-2_b.jpg',70),('6E6C2A8EFCBF486EA5E77840495FCEA5','船舶概论','邓召庭',16.00,16.00,10.0,'人民交通','2006-6',1,127,0,'2006-6',16,'CB-153','D45D96DA359A4FEAB3AB4DCF2157FC06','book_img/CB-153_w.jpg','book_img/CB-153_b.jpg',195),('6FE3FEE217584983A93F2B9337ECA62A','船舶建造工艺','魏莉洁',15.00,15.00,10.0,'哈尔滨工程大学','2006-4',1,125,0,'2006-4',16,'CB-074','D45D96DA359A4FEAB3AB4DCF2157FC06','book_img/CB-074_w.jpg','book_img/CB-074_b.jpg',102),('703E2A7A294F45B88F571569670CBAC0','船舶与海洋工程概论','谢祚水',13.00,13.00,10.0,'国防工业','',1,228,0,'',16,'CB-064/2','D45D96DA359A4FEAB3AB4DCF2157FC06','book_img/CB-064_w.jpg','book_img/CB-064_b.jpg',84),('710B0E54FD474EFA831ACFDF0D2F035D','船体结构强度直接计算指南','',3.10,3.10,10.0,'北京','2001',1,NULL,0,'2001',16,'CB-057/1','D45D96DA359A4FEAB3AB4DCF2157FC06','book_img/CB-057-1_w.jpg','book_img/CB-057-1_b.jpg',69),('711ECC56117E447AA2ECAAA51BC7FDEC','熔焊方法及设备','王宗杰',28.00,28.00,10.0,'机械工业出版社','2014-1',1,327,0,'2014-1',16,'CB-202/5','F5C091B3967442A2B35EFEFC4EF8746F','book_img/CB-202_w.jpg','book_img/CB-202_b.jpg',257),('722F77FBE15F4760B6F1C28FFFB8EEB6','船体装配工','施克菲',29.00,29.00,10.0,'国防工业','2008-6',1,249,0,'2008-6',16,'CB-088','F4FBD087EB054CA1896093F172AC33D9','book_img/jinggao_w.jpg','book_img/jinggao_b.jpg',116),('72E03D68CC93404290E4DDD9E9EBE053','船舶生产设计','周启学',19.00,19.00,10.0,'人民交通','2006-12',1,151,0,'2006-12',16,'CB-157','D45D96DA359A4FEAB3AB4DCF2157FC06','book_img/CB-157_w.jpg','book_img/CB-157_b.jpg',199),('7360E2D5095F4BC9B3CD09476FCFD4B0','船舶原理（上册）','盛振邦，刘应中',31.00,31.00,10.0,'上海交通大学','2003-9',1,342,0,'2003-9',16,'CB-031','D45D96DA359A4FEAB3AB4DCF2157FC06','book_img/CB-031_w.jpg','book_img/CB-031_b.jpg',38),('75513952839146ACB682AE80AE677684','工程制图习题集','石娟',16.00,16.00,10.0,'人民交通','2012-1',1,63,0,'2012-1',16,'CB-165','D45D96DA359A4FEAB3AB4DCF2157FC06','book_img/CB-165_w.jpg','book_img/CB-165_b.jpg',209),('7597DE75ACC24A9D8A302B300F96DB89','现代船舶制造技术基础','马晓平等',17.70,17.70,10.0,'江苏科技大学','',1,356,0,'',16,'CB-072','D45D96DA359A4FEAB3AB4DCF2157FC06','book_img/CB-072_w.jpg','book_img/CB-072_b.jpg',97),('75B5600B5E6F498D9BA613B631A340C8','船舶电气的运行与维护(英文版）','赵洪江',NULL,NULL,10.0,'江苏科技大学船舶与海洋工程学院','2005-12',1,138,0,'2005-12',16,'CB-044','D45D96DA359A4FEAB3AB4DCF2157FC06','book_img/CB-044_w.jpg','book_img/CB-044_b.jpg',52),('76459291234E408B871985CE41392095','船舶概论','金仲达',19.50,19.50,10.0,'哈尔滨工程大学','2002-3',1,231,0,'2002-3',16,'CB-001/1','D45D96DA359A4FEAB3AB4DCF2157FC06','book_img/CB-001_w.jpg','book_img/CB-001_b.jpg',1),('76CAC1EAA1F1451CB7C29FEEB75EA4B5','船体制图（含图册）','',65.00,65.00,10.0,'国防工业','',1,305,0,'',16,'CB-067/1','D45D96DA359A4FEAB3AB4DCF2157FC06','book_img/CB-067-1_w.jpg','book_img/CB-067-1_b.jpg',87),('770EF647115C4B1FAE5BC0B0DC34AAFC','焊工','中华人民共和国人力资源和社会保障部制定',8.00,8.00,10.0,'中国劳动社会保障出版社','2013-7',1,116,0,'2013-7',16,'CB-200/3','F5C091B3967442A2B35EFEFC4EF8746F','book_img/CB-200_w.jpg','book_img/CB-200_b.jpg',248),('772A3963600C41FCB3A082CF39206810','计算机辅助船舶设计','陈宾康，董元胜',14.40,14.40,10.0,'国防工业','',1,241,0,'',16,'CB-122/2','D45D96DA359A4FEAB3AB4DCF2157FC06','book_img/CB-122_w.jpg','book_img/CB-122_b.jpg',157),('7835F43EC25B4EE99CF662C62BCB32C2','高级船舶钳工工艺学','孟宪举',19.80,19.80,10.0,'哈尔滨工程大学','2002-11',1,229,0,'2002-11',16,'CB-008','F4FBD087EB054CA1896093F172AC33D9','book_img/CB-008_w.jpg','book_img/CB-008_b.jpg',9),('7BA56E1C0B3342E897579C8CB92B6E8C','运输统计学','余思勤',36.00,36.00,10.0,'人民交通','2011-1',1,225,0,'2011-1',16,'CB-169','5F79D0D246AD4216AC04E9C5FAB3199E','book_img/CB-169_w.jpg','book_img/CB-169_b.jpg',213),('7BC002F7AA2A43E7936B55273783061A','船舶与海洋工程专业英语','陆伟东，连琏',28.00,28.00,10.0,'上海交通大学','2009-4',1,162,0,'2009-4',16,'CB-190','D45D96DA359A4FEAB3AB4DCF2157FC06','book_img/jinggao_w.jpg','book_img/jinggao_b.jpg',234),('7C70383DB4354E66805B717E13E338C9','造船工艺学习题（放样部分）','',2.00,2.00,10.0,'','',1,10,0,'',16,'CB-052/1','D45D96DA359A4FEAB3AB4DCF2157FC06','book_img/CB-052_w.jpg','book_img/CB-052_b.jpg',60),('7F1A20213E584E8DA6A9106C4CA0EAA8','船舶结构与设备','王忠',15.00,15.00,10.0,'人民交通','2002-7',1,185,0,'2002-7',16,'CB-020/2','D45D96DA359A4FEAB3AB4DCF2157FC06','book_img/CB-020_w.jpg','book_img/CB-020_b.jpg',22),('810326D7440C4999B0837D4A34C44C04','工程制图测绘及技能实训指导','李奉香',10.00,10.00,10.0,'哈尔滨工程大学','2007-8',1,72,0,'2007-8',16,'CB-098','65640549B80E40B1981CDEC269BFFCAD','book_img/jinggao_w.jpg','book_img/jinggao_b.jpg',126),('8261170A756840A99BABA40A7A62FC45','船体修造工艺','王鸿斌',42.00,42.00,10.0,'人民交通','2006-8',1,388,0,'2006-8',16,'CB-027/1','D45D96DA359A4FEAB3AB4DCF2157FC06','book_img/CB-027-1_w.jpg','book_img/CB-027-1_b.jpg',31),('83F508205CC7493B9AD18F44D7BEA2A3','统计学','余思勤',45.00,45.00,10.0,'人民交通','2011-1',1,285,0,'2011-1',16,'CB-168','5F79D0D246AD4216AC04E9C5FAB3199E','book_img/CB-168_w.jpg','book_img/CB-168_b.jpg',212),('86FA69192ED247968659808782433D00','商船建造（英文版）第一版','',NULL,NULL,10.0,'','',1,231,0,'',16,'CB-049','D45D96DA359A4FEAB3AB4DCF2157FC06','book_img/jinggao_w.jpg','book_img/jinggao_b.jpg',57),('87E1B644C95547AE9953261B0ADD28A1','船舶电工工艺技能实训指导','鲍军晖',10.00,10.00,10.0,'哈尔滨工程大学','2007-8',1,64,0,'2007-8',16,'CB-076','65640549B80E40B1981CDEC269BFFCAD','book_img/CB-076_w.jpg','book_img/CB-076_b.jpg',104),('8958D3E343404F83A0C2EFEC96EB25E0','船舶静力学课程辅导','周宏',3.20,3.20,10.0,'江苏科技大学船舶与海洋工程学院','',1,NULL,0,'',16,'CB-058/1','D45D96DA359A4FEAB3AB4DCF2157FC06','book_img/CB-058-1_w.jpg','book_img/CB-058-1_b.jpg',71),('8973BFEA8F994A42B9FEC62537C07680','船舶信号','闫世杰',25.00,25.00,10.0,'人民交通','2006-7',1,206,0,'2006-7',16,'CB-198','5F79D0D246AD4216AC04E9C5FAB3199E','book_img/CB-198_w.jpg','book_img/CB-198_b.jpg',242),('8A4A1770695B4368939DA04E2E8DBB41','船舶焊接（修订本）','孙维善',12.70,12.70,10.0,'国防工业','',1,198,0,'',16,'CB-062/1','F5C091B3967442A2B35EFEFC4EF8746F','book_img/CB-062-1_w.jpg','book_img/CB-062-1_b.jpg',79),('8DC476686D3545148D9C2A8331D0606D','船舶设备与系统','刁玉锋',23.00,23.00,10.0,'哈尔滨工程大学','2006-12',1,204,0,'2006-12',16,'CB-106','F4FBD087EB054CA1896093F172AC33D9','book_img/CB-106_w.jpg','book_img/CB-106_b.jpg',135),('8DCF8D8F03DF45E2B57BB62216E571F9','船体CAD∕CAM','彭辉',28.00,28.00,10.0,'人民交通','2007-1',1,236,0,'2007-1',16,'CB-073/1','D45D96DA359A4FEAB3AB4DCF2157FC06','book_img/CB-073_w.jpg','book_img/CB-073_b.jpg',98),('8EC5750794434BD4838519E0185837F9','船舶静力学课程辅导','周宏',3.20,3.20,10.0,'江苏科技大学船舶与海洋工程学院','',1,NULL,0,'',16,'CB-058/2','D45D96DA359A4FEAB3AB4DCF2157FC06','book_img/CB-058-2_w.jpg','book_img/CB-058-2_b.jpg',72),('901FB700402F47049B507323AF4EF6A5','制冷压缩机与设备','朱立',26.00,26.00,10.0,'机械工业出版社','2011-1',1,282,0,'2011-1',16,'CB-176','FAB7B7F7084F4D57A0808ADC61117683','book_img/CB-176_w.jpg','book_img/CB-176_b.jpg',220),('909E353E784D4432A7129BFBE5676063','船舶性能实验指导书','杨大明',1.50,1.50,10.0,'江苏科技大学','2005-7',1,20,0,'2005-7',16,'CB-069/2','D45D96DA359A4FEAB3AB4DCF2157FC06','book_img/CB-069-2_w.jpg','book_img/CB-069-2_b.jpg',93),('914D69E2AA2F4FF8A24F64A39841A6D6','造船成组技术','赵东',10.30,10.30,10.0,'江苏科技大学','2005-6',1,158,0,'2005-6',16,'CB-123/1','D45D96DA359A4FEAB3AB4DCF2157FC06','book_img/CB-123_w.jpg','book_img/CB-123_b.jpg',158),('915AE1032A06435D96CFD61C8BA00448','船舶管路系统','付锦云',17.00,17.00,10.0,'哈尔滨工程大学','2006-8',1,149,0,'2006-8',16,'CB-113','34000D7FB55E49D9A6B1B2C59F472AFA','book_img/jinggao_w.jpg','book_img/jinggao_b.jpg',142),('91C1455B5EB74137A32280C1AD71CBA2','船舶与海洋工程本科专业《船舶结构设计》指导书','尹群等',1.70,1.70,10.0,'江苏科技大学','2007-12',1,6,0,'2007-12',16,'CB-126/2','D45D96DA359A4FEAB3AB4DCF2157FC06','book_img/CB-126-2_w.jpg','book_img/CB-126-2_b.jpg',163),('92ECA4BAA561490C88934524A513EF7D','高级船舶除锈涂装工艺','彭辉，王金鑫',15.00,15.00,10.0,'哈尔滨工程大学','2006-3',1,110,0,'2006-3',16,'CB-017','D45D96DA359A4FEAB3AB4DCF2157FC06','book_img/CB-017_w.jpg','book_img/CB-017_b.jpg',18),('934CE20364DB4EF5A0D8D50BEB3706DB','船体强度与结构设计','王杰德，杨永谦',17.90,17.90,10.0,'国防工业','',1,334,0,'',16,'CB-063/1','D45D96DA359A4FEAB3AB4DCF2157FC06','book_img/CB-063_w.jpg','book_img/CB-063_b.jpg',81),('943340DBFB81494A8FFD7520A3ACD7D0','造船焊接与切割技术','姜锡瑞',16.00,16.00,10.0,'哈尔滨工程大学','2002-2',1,179,0,'2002-2',16,'CB-093','F5C091B3967442A2B35EFEFC4EF8746F','book_img/jinggao_w.jpg','book_img/jinggao_b.jpg',121),('94FFDC413A014A009D215B8BDD75AC1E','AutoCAD辅助设计','沈凌',25.00,25.00,10.0,'人民交通','2011-4',1,157,0,'2011-4',16,'CB-170','5F79D0D246AD4216AC04E9C5FAB3199E','book_img/CB-170_w.jpg','book_img/CB-170_b.jpg',214),('951BEA3E184248F2BC5E8982A391FDBF','船舶与海洋工程材料','王广戈等',9.40,9.40,10.0,'上海交通大学','',1,177,0,'',16,'CB-119/2','D45D96DA359A4FEAB3AB4DCF2157FC06','book_img/CB-119_w.jpg','book_img/CB-119_b.jpg',151),('9552593373FE4E9DAC93EB988CCF36A4','船舶原理与结构','陈雪深等',16.30,16.30,10.0,'上海交通大学','',1,191,0,'',16,'CB-060/1','D45D96DA359A4FEAB3AB4DCF2157FC06','book_img/CB-060-1_w.jpg','book_img/CB-060-1_b.jpg',75),('968F805E3D1745CFB2A5B5E67722C73F','焊接冶金学','张文钺',35.00,35.00,10.0,'机械工业出版社','2014-6',1,316,0,'2014-6',16,'CB-201/4','F5C091B3967442A2B35EFEFC4EF8746F','book_img/CB-201_w.jpg','book_img/CB-201_b.jpg',252),('96CD578D69E9447CB505AA0FEE63FCE1','电焊工（初级、中级、高级）','《职业技能鉴定教程》《职业技能鉴定指导》编审委员会',17.40,17.40,10.0,'中国劳动出版社','2013-2',1,180,0,'2013-2',16,'CB-199/3','F5C091B3967442A2B35EFEFC4EF8746F','book_img/CB-199_w.jpg','book_img/CB-199_b.jpg',245),('97506DB488FE48FDBFD98BAA16B223D2','船舶设备','葛云卿等',16.70,16.70,10.0,'哈尔滨船舶工程学院','',1,385,0,'',16,'CB-117/2','D45D96DA359A4FEAB3AB4DCF2157FC06','book_img/CB-117_w.jpg','book_img/CB-117_b.jpg',147),('996EE9122769494CBE3166839B7F2F36','《模型试验技术》实验指导书','施奇，杨大明',1.70,1.70,10.0,'江苏科技大学船舶与海洋工程学院','2006-4',1,16,0,'2006-4',16,'CB-055/1','65640549B80E40B1981CDEC269BFFCAD','book_img/CB-055-1_w.jpg','book_img/CB-055-1_b.jpg',65),('9A317444587046CB93A58139EF9DC164','船体制图（含图册）','',65.00,65.00,10.0,'国防工业','',1,NULL,0,'',16,'CB-067/3','D45D96DA359A4FEAB3AB4DCF2157FC06','book_img/CB-067-1_w.jpg','book_img/CB-067-1_b.jpg',89),('9C489422208A408DA807A53DF8B769E5','船舶修造安全概论','周明顺',40.00,40.00,10.0,'人民交通','2011-1',1,289,0,'2011-1',16,'CB-162/2','D45D96DA359A4FEAB3AB4DCF2157FC06','book_img/CB-162_w.jpg','book_img/CB-162_b.jpg',205),('9CF7AA17DC974AD587B00B359E3AB30B','船舶原理与结构','陈雪深等',16.30,16.30,10.0,'上海交通大学','',1,191,0,'',16,'CB-060/2','D45D96DA359A4FEAB3AB4DCF2157FC06','book_img/CB-060-2_w.jpg','book_img/CB-060-2_b.jpg',76),('9E02BA5CFFF74C91BA744C12E0590174','船舶焊接（修订本）','孙维善',12.70,12.70,10.0,'国防工业','',1,198,0,'',16,'CB-062/2','F5C091B3967442A2B35EFEFC4EF8746F','book_img/CB-062-2_w.jpg','book_img/CB-062-2_b.jpg',80),('9E1F09596B03438EAE42839D6C104EC7','高级船舶钳工操作技能','蒋鲜城等',13.50,13.50,10.0,'哈尔滨工程大学','2003-3',1,158,0,'2003-3',16,'CB-009','F4FBD087EB054CA1896093F172AC33D9','book_img/CB-009_w.jpg','book_img/CB-009_b.jpg',10),('9F68AC02075645808319416ED8021728','船体强度计算与结构设计','冯杏娣',18.00,18.00,10.0,'','',1,410,0,'',16,'CB-035','D45D96DA359A4FEAB3AB4DCF2157FC06','book_img/CB-035_w.jpg','book_img/CB-035_b.jpg',42),('9FAC9776AF5B4A4FA0B7F745FC8599A0','工程船','',22.70,22.70,10.0,'国防工业','',1,541,0,'',16,'CB-121/2','D45D96DA359A4FEAB3AB4DCF2157FC06','book_img/CB-121_w.jpg','book_img/CB-121_b.jpg',155),('9FB18731B78644558BB658B63D7B87BE','船体结构与制图','彭公武',27.00,27.00,10.0,'哈尔滨工程大学','2007-2',1,231,0,'2007-2',16,'CB-101','D45D96DA359A4FEAB3AB4DCF2157FC06','book_img/CB-101_w.jpg','book_img/CB-101_b.jpg',129),('A109ACFAF40F4D4F9AB858CE57F5CAB9','水运管理专业教学标准与课程标准','蔡佩林，方风平',25.00,25.00,10.0,'人民交通','2011-6',1,123,0,'2011-6',16,'CB-172','F4FBD087EB054CA1896093F172AC33D9','book_img/CB-172_w.jpg','book_img/CB-172_b.jpg',216),('A1A2EF3D3E874B9591D96BA98E44C3A0','焊接结构学','方洪渊',32.00,32.00,10.0,'机械工业出版社','2009-6',1,317,0,'2009-6',16,'CB-203/3','F5C091B3967442A2B35EFEFC4EF8746F','book_img/CB-203_w.jpg','book_img/CB-203_b.jpg',261),('A338B6F49E0440D38A525C02F170251A','修船业务','韩云生',22.00,22.00,10.0,'人民交通','2007-1',1,177,0,'2007-1',16,'CB-194','F4FBD087EB054CA1896093F172AC33D9','book_img/CB-194_w.jpg','book_img/CB-194_b.jpg',238),('A371E88098C048DA94AE760611B369F2','船体制图','杨永祥等',13.80,13.80,10.0,'哈尔滨工程大学','1995-11',1,178,0,'1995-11',16,'CB-021/1','D45D96DA359A4FEAB3AB4DCF2157FC06','book_img/CB-021-1_w.jpg','book_img/CB-021-1_b.jpg',23),('A4589D529BF3431783A75A2F8CEBA21A','实用铆工手册','翟洪绪',39.80,39.80,10.0,'化学工业出版社','2008-5',1,776,0,'2008-5',16,'CB-136','D45D96DA359A4FEAB3AB4DCF2157FC06','book_img/CB-136_w.jpg','book_img/CB-136_b.jpg',177),('A4768F5F542146EE8CEA9717C2BEE4DA','船舶结构与制图','魏莉洁',38.00,38.00,10.0,'人民交通','2006-8',1,322,0,'2006-8',16,'CB-039/1','D45D96DA359A4FEAB3AB4DCF2157FC06','book_img/jinggao_w.jpg','book_img/jinggao_b.jpg',46),('A573D607EE784BE7984152AF401C1593','船舶检验','龙进军',18.00,18.00,10.0,'哈尔滨工程大学','2006-8',1,161,0,'2006-8',16,'CB-131','65640549B80E40B1981CDEC269BFFCAD','book_img/CB-131_w.jpg','book_img/CB-131_b.jpg',172),('A5CBAFD2EF704717A4CA79A8AC823151','造船生产设计','',28.80,28.80,10.0,'国防工业','',1,353,0,'',16,'CB-059/2','D45D96DA359A4FEAB3AB4DCF2157FC06','book_img/CB-059_w.jpg','book_img/CB-059_b.jpg',74),('A5DA5CBBE26646BF8E9B282A55FAF27E','船舶机电基础','刘强',20.00,20.00,10.0,'哈尔滨工程大学','2006-9',1,183,0,'2006-9',16,'CB-112','F4FBD087EB054CA1896093F172AC33D9','book_img/CB-112_w.jpg','book_img/CB-112_b.jpg',141),('A6A259D82931416685A50A6DD8DD05AA','船舶修造电气安全技术','郭祖平',29.00,29.00,10.0,'人民交通','2011-1',1,147,0,'2011-1',16,'CB-160','F4FBD087EB054CA1896093F172AC33D9','book_img/CB-160_w.jpg','book_img/CB-160_b.jpg',202),('A80FB933120D4D59B76AA2D38EC9B027','船舶概论','金仲达',19.50,19.50,10.0,'哈尔滨工程大学','2002-3',1,231,0,'2002-3',16,'CB-001/2','D45D96DA359A4FEAB3AB4DCF2157FC06','book_img/CB-001_w.jpg','book_img/CB-001_b.jpg',2),('A92173EE319C42D08DF866792710E34F','船体强度与结构设计','王杰德，杨永谦',17.90,17.90,10.0,'国防工业','',1,334,0,'',16,'CB-063/2','D45D96DA359A4FEAB3AB4DCF2157FC06','book_img/CB-063_w.jpg','book_img/CB-063_b.jpg',82),('A9DCB732ED9949AAB7DF0FBFB8D1AF8B','计算机辅助船体建造','王勇毅，董守富',14.30,14.30,10.0,'人民交通出版社','',1,223,0,'',16,'CB-054','D45D96DA359A4FEAB3AB4DCF2157FC06','book_img/CB-054_w.jpg','book_img/CB-054_b.jpg',64),('AB38C6A3A2EB4CCBA39727016B4DA7E7','CO2气体保护焊技术','王艳芳，杨兵兵',25.00,25.00,10.0,'机械工业出版社','2011-1',1,205,0,'2011-1',16,'CB-181','F5C091B3967442A2B35EFEFC4EF8746F','book_img/CB-181_w.jpg','book_img/CB-181_b.jpg',225),('AB49F7A8E0B04DB2927ACE7DD28FFCEA','零件检测基础与技能实训指导','晋顺',13.00,13.00,10.0,'哈尔滨工程大学','2007-2',1,104,0,'2007-2',16,'CB-099','65640549B80E40B1981CDEC269BFFCAD','book_img/CB-099_w.jpg','book_img/CB-099_b.jpg',127),('ACA221D8DEA14FE6A78A92555AE0039D','船舶辅机与轴系','谭仁臣',30.00,30.00,10.0,'哈尔滨工程大学','1996-8',1,355,0,'1996-8',16,'CB-084','34000D7FB55E49D9A6B1B2C59F472AFA','book_img/CB-084_w.jpg','book_img/CB-084_b.jpg',112),('AD2A1710D2724478ACF988F1151DD540','船体放样','肖子熙，霍润炽',19.80,19.80,10.0,'哈尔滨工程大学','1994-8',1,234,0,'1994-8',16,'CB-149','D45D96DA359A4FEAB3AB4DCF2157FC06','book_img/CB-149_w.jpg','book_img/CB-149_b.jpg',191),('AD3A96DD4DDC40DAB2B118B91A40C931','船舶性能试验技术','郝亚平',16.10,16.10,10.0,'国防工业','',1,190,0,'',16,'CB-127/2','D45D96DA359A4FEAB3AB4DCF2157FC06','book_img/CB-127_w.jpg','book_img/CB-127_b.jpg',165),('ADA0849BC1A1427CAB033010FB8ADC40','船舶设备','葛云卿等',16.70,16.70,10.0,'哈尔滨船舶工程学院','',1,385,0,'',16,'CB-117/1','D45D96DA359A4FEAB3AB4DCF2157FC06','book_img/CB-117_w.jpg','book_img/CB-117_b.jpg',146),('ADEADB3F44644960A224E3001D665E76','中国造船史','席龙飞',25.00,25.00,10.0,'湖北教育','2000-1',1,346,0,'2000-1',16,'CB-028/1','D45D96DA359A4FEAB3AB4DCF2157FC06','book_img/CB-028_w.jpg','book_img/CB-028_b.jpg',33),('AE21FB88DE924068967B51E438CEA14D','船舶性能实验指导书','杨大明',1.50,1.50,10.0,'江苏科技大学','2005-7',1,20,0,'2005-7',16,'CB-069/1','D45D96DA359A4FEAB3AB4DCF2157FC06','book_img/CB-069-1_w.jpg','book_img/CB-069-1_b.jpg',92),('B05112AAB2874359B58EF7C6B0503FAB','轮机工程技术专业教学标准与课程标准','林凌海，黄勇亮',30.00,30.00,10.0,'人民交通','2011-8',1,195,0,'2011-8',16,'CB-171','F4FBD087EB054CA1896093F172AC33D9','book_img/CB-171_w.jpg','book_img/CB-171_b.jpg',215),('B29F51A359A1460CBEA1D89C1A8F5654','船体建造工艺学（第二版）','王勇毅',24.50,24.50,10.0,'人民交通','',1,293,0,'',16,'CB-065','D45D96DA359A4FEAB3AB4DCF2157FC06','book_img/CB-065_w.jpg','book_img/CB-065_b.jpg',85),('B2CFAA5C4E8A40B8BD4D303F7C80DC42','焊工','中华人民共和国人力资源和社会保障部制定',8.00,8.00,10.0,'中国劳动社会保障出版社','2013-7',1,116,0,'2013-7',16,'CB-200/1','F5C091B3967442A2B35EFEFC4EF8746F','book_img/CB-200_w.jpg','book_img/CB-200_b.jpg',246),('B337A9780F8246A681E1B360D47BA7F2','柴油发电机组技术手册','杨贵恒，贺明智，袁春，际于平',98.00,98.00,10.0,'化学工业出版社','2008-10',1,620,0,'2008-10',16,'CB-135','D45D96DA359A4FEAB3AB4DCF2157FC06','book_img/CB-135_w.jpg','book_img/CB-135_b.jpg',176),('B3524C36CF484C9C8D4DB609147C7A81','船舶管件装配（英文版）','赵洪江，孙伟智',NULL,NULL,10.0,'Shipower船舶英语丛书编写组','2005-11',1,122,0,'2005-11',16,'CB-045','F4FBD087EB054CA1896093F172AC33D9','book_img/CB-045_w.jpg','book_img/CB-045_b.jpg',53),('B39EBB1C7D4B42998C631DD4CB6EA633','铆焊加工速查速算手册','王洪光',29.00,29.00,10.0,'化学工业出版社','2009-9',1,321,0,'2009-9',16,'CB-139','F5C091B3967442A2B35EFEFC4EF8746F','book_img/CB-139_w.jpg','book_img/CB-139_b.jpg',180),('B6717EB174EC407EAB52106A72D95CBD','轮机自动化常识','王同庆',18.00,18.00,10.0,'人民交通','2007-9',1,150,0,'2007-9',16,'CB-167','F4FBD087EB054CA1896093F172AC33D9','book_img/CB-167_w.jpg','book_img/CB-167_b.jpg',211),('B947C2CCAF3841BBAE5C9408F2CF440D','船舶造型与舱室设计','蒋志勇等',21.00,21.00,10.0,'哈尔滨工程大学','',1,231,0,'',16,'CB-066','D45D96DA359A4FEAB3AB4DCF2157FC06','book_img/CB-066_w.jpg','book_img/CB-066_b.jpg',86),('B9A6C08E370D45F4970D49427F0509BB','船舶轮机的运行与维护（英文版）（下）','',NULL,NULL,10.0,'','',1,166,0,'',16,'CB-043','F4FBD087EB054CA1896093F172AC33D9','book_img/CB-043_w.jpg','book_img/CB-043_b.jpg',51),('B9BAAF3779C8401CA3AB31CE2128FCE2','船舶轮机工程（译文本）第一版','赵洪江',NULL,NULL,10.0,'','',1,146,0,'',16,'CB-048','F4FBD087EB054CA1896093F172AC33D9','book_img/CB-048_w.jpg','book_img/CB-048_b.jpg',56),('BC323A9B0FF4428C870141BD227882BC','船舶制造基础','杨敏',19.00,19.00,10.0,'国防工业','',1,192,0,'',16,'CB-128/2','D45D96DA359A4FEAB3AB4DCF2157FC06','book_img/jinggao_w.jpg','book_img/jinggao_b.jpg',167),('BD9C7DD6571A4F7097A064C81EA499F4','焊工工艺学','卢屹东，刘立国',18.90,18.90,10.0,'电子工业出版社','2007-9',1,208,0,'2007-9',16,'CB-152','F5C091B3967442A2B35EFEFC4EF8746F','book_img/CB-152_w.jpg','book_img/CB-152_b.jpg',194),('BDB45C5B8F514835AC3610663991AA09','船体冷加工工艺学（初级）','刘向东',13.00,13.00,10.0,'哈尔滨工程大学','2006-10',1,119,0,'2006-10',16,'CB-010','F4FBD087EB054CA1896093F172AC33D9','book_img/CB-010_w.jpg','book_img/CB-010_b.jpg',11),('BE9E5E26DB454B91A4BBDE01229D442D','金属材料与热处理','王贵斗',28.00,28.00,10.0,'机械工业出版社','2011-7',1,268,0,'2011-7',16,'CB-178','F5C091B3967442A2B35EFEFC4EF8746F','book_img/CB-178_w.jpg','book_img/CB-178_b.jpg',222),('BF008CB94F53477BB87AFD0529A1CCD2','焊接结构生产','邓洪军',28.00,28.00,10.0,'机械工业出版社','2012-1',1,217,0,'2012-1',16,'CB-174','F5C091B3967442A2B35EFEFC4EF8746F','book_img/CB-174_w.jpg','book_img/CB-174_b.jpg',218),('BFB7A46FBF2D4879A014DAC24652F9E4','船舶造型','龚昌奇，傅德生',18.00,18.00,10.0,'人民交通','1999-3',1,237,0,'1999-3',16,'CB-029','D45D96DA359A4FEAB3AB4DCF2157FC06','book_img/CB-029_w.jpg','book_img/CB-029_b.jpg',35),('C0BF0CFC303447C3B064FBDE1A85596A','中国造船史','席龙飞',25.00,25.00,10.0,'湖北教育','2000-1',1,346,0,'2000-1',16,'CB-028/2','D45D96DA359A4FEAB3AB4DCF2157FC06','book_img/CB-028_w.jpg','book_img/CB-028_b.jpg',34),('C1098C3AAE114189AABAD2158F2302DD','熔焊方法及设备','王宗杰',28.00,28.00,10.0,'机械工业出版社','2014-1',1,327,0,'2014-1',16,'CB-202/1','F5C091B3967442A2B35EFEFC4EF8746F','book_img/CB-202_w.jpg','book_img/CB-202_b.jpg',253),('C25706C0477E4BA7BF52E23CE2BBCB85','船舶与海洋工程材料','王广戈等',9.40,9.40,10.0,'上海交通大学','',1,177,0,'',16,'CB-119/1','D45D96DA359A4FEAB3AB4DCF2157FC06','book_img/CB-119_w.jpg','book_img/CB-119_b.jpg',150),('C611097C2BC147729094E04D2C2AD932','制冷原理','雷霞',19.00,19.00,10.0,'机械工业出版社','2011-1',1,210,0,'2011-1',16,'CB-175','FAB7B7F7084F4D57A0808ADC61117683','book_img/CB-175_w.jpg','book_img/CB-175_b.jpg',219),('C61173C46C5F4E72B36DF2C068FB63A9','船体修造工艺','王鸿斌',42.00,42.00,10.0,'人民交通','2006-8',1,388,0,'2006-8',16,'CB-027/2','D45D96DA359A4FEAB3AB4DCF2157FC06','book_img/CB-027-2_w.jpg','book_img/CB-027-2_b.jpg',32),('C645881CB1F042AC8B93C37E865E872D','船舶检验','',11.60,11.60,10.0,'','2005-7',1,204,0,'2005-7',16,'CB-130/2','65640549B80E40B1981CDEC269BFFCAD','book_img/CB-130-2_w.jpg','book_img/CB-130-2_b.jpg',171),('C701F836FFC643839C6DF01188AF5908','造船生产设计','',28.80,28.80,10.0,'国防工业','',1,353,0,'',16,'CB-059/1','D45D96DA359A4FEAB3AB4DCF2157FC06','book_img/CB-059_w.jpg','book_img/CB-059_b.jpg',73),('C94AAB21B5364331AAAC65A80099F35C','船舶CAD','曾隆杰',36.00,36.00,10.0,'人民交通','2000-6',1,234,0,'2000-6',16,'CB-033','D45D96DA359A4FEAB3AB4DCF2157FC06','book_img/CB-033_w.jpg','book_img/CB-033_b.jpg',40),('CC50EA65518241838EBA5BC97E22D880','船机检修技术','谢荣',25.00,25.00,10.0,'人民交通','2006-8',1,212,0,'2006-8',16,'CB-156','D45D96DA359A4FEAB3AB4DCF2157FC06','book_img/CB-156_w.jpg','book_img/CB-156_b.jpg',198),('CD3A3EDA575D44839A6F25DB848CE10D','玻璃钢典型工艺及应用','王禹阶，班良民',18.00,18.00,10.0,'化学工业出版社','2008-4',1,151,0,'2008-4',16,'CB-192','5F79D0D246AD4216AC04E9C5FAB3199E','book_img/CB-192_w.jpg','book_img/CB-192_b.jpg',236),('CD7C999154974B1883774B74DCE52451','商船建造（英文版）','',12.90,12.90,10.0,'','',1,231,0,'',16,'CB-118/1','D45D96DA359A4FEAB3AB4DCF2157FC06','book_img/CB-118_w.jpg','book_img/CB-118_b.jpg',148),('CDBCBE0A162044CE93B469AE23F5FF0A','焊工','中华人民共和国人力资源和社会保障部制定',8.00,8.00,10.0,'中国劳动社会保障出版社','2013-7',1,116,0,'2013-7',16,'CB-200/2','F5C091B3967442A2B35EFEFC4EF8746F','book_img/CB-200_w.jpg','book_img/CB-200_b.jpg',247),('CE9965BFD08746198C039A40CFE020B5','船舶修造资源管理','谢荣',35.00,35.00,10.0,'人民交通','2010-7',1,238,0,'2010-7',16,'CB-197','D45D96DA359A4FEAB3AB4DCF2157FC06','book_img/CB-197_w.jpg','book_img/CB-197_b.jpg',241),('D20A379A72D84697B68BAA7DCD765226','船舶辅机','胡启祥',26.00,26.00,10.0,'哈尔滨工程大学','2007-2',1,232,0,'2007-2',16,'CB-114','D45D96DA359A4FEAB3AB4DCF2157FC06','book_img/CB-114_w.jpg','book_img/CB-114_b.jpg',143),('D2E1D901E6C3447A90DC299990B879AD','船体火工初级工培训教程','魏莉洁',15.00,15.00,10.0,'哈尔滨工程大学','2007-4',1,96,0,'2007-4',16,'CB-079','D45D96DA359A4FEAB3AB4DCF2157FC06','book_img/CB-079_w.jpg','book_img/CB-079_b.jpg',107),('D2E63BE960DB49958F66FFEA017FA3B9','船舶设计原理（修订本）','林杰人',12.20,12.20,10.0,'国防工业','',1,241,0,'',16,'CB-068/1','D45D96DA359A4FEAB3AB4DCF2157FC06','book_img/CB-068_w.jpg','book_img/CB-068_b.jpg',90),('D341794A5B77498F999B04C5A0298D44','船舶检验','',11.60,11.60,10.0,'','2005-7',1,204,0,'2005-7',16,'CB-130/1','65640549B80E40B1981CDEC269BFFCAD','book_img/CB-130-1_w.jpg','book_img/CB-130-1_b.jpg',170),('D3ED6AB4872447BAA18A7F04B3D1ECF8','焊接生产技术问答','周岐，孟力凯，杨惠',29.00,29.00,10.0,'化学工业出版社','2010-2',1,378,0,'2010-2',16,'CB-140','F5C091B3967442A2B35EFEFC4EF8746F','book_img/CB-140_w.jpg','book_img/CB-140_b.jpg',181),('D4C25CCAB7D0439E9FA96279E50CE466','电焊工（技能鉴定考核试题库）','机械工业职业技能鉴定        指导中心 编',13.50,13.50,10.0,'机械工业出版社','2012-1',1,248,0,'2012-1',16,'CB-187','F5C091B3967442A2B35EFEFC4EF8746F','book_img/jinggao_w.jpg','book_img/jinggao_b.jpg',231),('D703A1155A1C456BB15C596D4D776E96','英汉船舶修理与建造图解词典','赵洪江，孙伟智',NULL,NULL,10.0,'船舶英语编写组','2005',1,326,0,'2005',16,'CB-046','D45D96DA359A4FEAB3AB4DCF2157FC06','book_img/CB-046_w.jpg','book_img/CB-046_b.jpg',54),('D7CDF012F05D4A9F8A4492028B1CEB0C','船舶轮机的运行与维护（英文版）（上）','',NULL,NULL,10.0,'','',1,502,0,'',16,'CB-042','F4FBD087EB054CA1896093F172AC33D9','book_img/CB-042_w.jpg','book_img/CB-042_b.jpg',50),('DAF33A290BE9457695EFD825A1530F0B','商船建造（译文版）第一版','',NULL,NULL,10.0,'','',1,79,0,'',16,'CB-050','D45D96DA359A4FEAB3AB4DCF2157FC06','book_img/jinggao_w.jpg','book_img/jinggao_b.jpg',58),('DB5D787D1C1D466FA01E2CF3A2FB7C39','船艇美学与内装设计','于建中',68.00,68.00,10.0,'上海交通大学','2011-5',1,199,0,'2011-5',16,'CB-188','D45D96DA359A4FEAB3AB4DCF2157FC06','book_img/CB-188_w.jpg','book_img/CB-188_b.jpg',232),('DD6A800F2496434B8C0C403A9D15DDE9','计算机辅助船舶设计','陈宾康，董元胜',14.40,14.40,10.0,'国防工业','',1,241,0,'',16,'CB-122/1','D45D96DA359A4FEAB3AB4DCF2157FC06','book_img/CB-122_w.jpg','book_img/CB-122_b.jpg',156),('E0796FE04AB34F4D830FB177A40A7D4C','焊接质量管理与控制读本','张应力',58.00,58.00,10.0,'化学工业出版社','2010-6',1,343,0,'2010-6',16,'CB-141/1','F5C091B3967442A2B35EFEFC4EF8746F','book_img/CB-141_w.jpg','book_img/CB-141_b.jpg',182),('E07C4868A08A4C0F98E0A4B5676BAC16','焊接结构学','方洪渊',32.00,32.00,10.0,'机械工业出版社','2009-6',1,317,0,'2009-6',16,'CB-203/1','F5C091B3967442A2B35EFEFC4EF8746F','book_img/CB-203_w.jpg','book_img/CB-203_b.jpg',259),('E0AD6FF23D224A9794C45E88D6A47FC9','船舶设备与系统','刁玉锋',23.00,23.00,10.0,'哈尔滨工程大学','2006-12',1,204,0,'2006-12',16,'CB-077','D45D96DA359A4FEAB3AB4DCF2157FC06','book_img/CB-077_w.jpg','book_img/CB-077_b.jpg',105),('E0F809AD89EB47BDB5ED02D13693F08D','工程制图 ','石娟',22.00,22.00,10.0,'人民交通','2011-12',1,186,0,'2011-12',16,'CB-164','D45D96DA359A4FEAB3AB4DCF2157FC06','book_img/CB-164_w.jpg','book_img/CB-164_b.jpg',208),('E17AA7C68383462187D9AEA24829D9DD','金属材料及热处理','丁仁亮',27.00,27.00,10.0,'机械工业出版社','2012-1',1,245,0,'2012-1',16,'CB-173','F5C091B3967442A2B35EFEFC4EF8746F','book_img/CB-173_w.jpg','book_img/CB-173_b.jpg',217),('E28D5DD45F2A4228ADE77BD345E481EF','船体识图（含图册)','金仲达',28.50,28.50,10.0,'哈尔滨工程大学','2004-8',1,225,0,'2004-8',16,'CB-019','D45D96DA359A4FEAB3AB4DCF2157FC06','book_img/jinggao_w.jpg','book_img/jinggao_b.jpg',20),('E43BBE069B2C443295461DD07F5DDF60','船体强度结构规范设计课程设计任务书','王志军，尹群',3.30,3.30,10.0,'华东船舶工业学院一系','1997-10',1,40,0,'1997-10',16,'CB-125','D45D96DA359A4FEAB3AB4DCF2157FC06','book_img/CB-125_w.jpg','book_img/CB-125_b.jpg',161),('E4545395802F4DDE8BD9EB908B7A216F','看图学通风空调工程施工','蔡中辉',28.00,28.00,10.0,'化学工业出版社','2009-12',1,312,0,'2009-12',16,'CB-134','FAB7B7F7084F4D57A0808ADC61117683','book_img/CB-134_w.jpg','book_img/CB-134_b.jpg',175),('E4CA916628F942D7A27D79F6E127A50C','造船专业英语','彭公武',22.00,22.00,10.0,'哈尔滨工程大学','2006-8',1,204,0,'2006-8',16,'CB-111','D45D96DA359A4FEAB3AB4DCF2157FC06','book_img/CB-111_w.jpg','book_img/CB-111_b.jpg',140),('E625A170D6B04DFF8CCA64726A9649C7','CO2气体保护半自动焊焊工培训教程','赵伟兴',18.00,18.00,10.0,'哈尔滨工程大学','2003-6',1,208,0,'2003-6',16,'CB-096','F5C091B3967442A2B35EFEFC4EF8746F','book_img/jinggao_w.jpg','book_img/jinggao_b.jpg',124),('E6FA5837E06C4D729758B0EFF34AE37B','熔焊方法及设备','王宗杰',28.00,28.00,10.0,'机械工业出版社','2014-1',1,327,0,'2014-1',16,'CB-202/6','F5C091B3967442A2B35EFEFC4EF8746F','book_img/CB-202_w.jpg','book_img/CB-202_b.jpg',258),('E781A27D05F446B68D83EE3AEC9D9782','船舶建造工艺学','李忠林等',30.00,30.00,10.0,'哈尔滨工程大学','2006-9',1,305,0,'2006-9',16,'CB-026','D45D96DA359A4FEAB3AB4DCF2157FC06','book_img/CB-026_w.jpg','book_img/CB-026_b.jpg',30),('E95312B181724526B4489D50F0A46AF7','船舶电气设备','张作化',12.60,12.60,10.0,'人民交通','2012-1',1,147,0,'2012-1',16,'CB-158','FAB7B7F7084F4D57A0808ADC61117683','book_img/CB-158_w.jpg','book_img/CB-158_b.jpg',200),('EAB0B59B31F747C491E43E6F0016A121','金属表面抛光技术','李异，刘钧泉，李建三',29.00,29.00,10.0,'化学工业出版社','2006-5',1,246,0,'2006-5',16,'CB-143','F4FBD087EB054CA1896093F172AC33D9','book_img/CB-143_w.jpg','book_img/CB-143_b.jpg',185),('EAC7216D188A4CB49D18E3A619086627','船体冷加工工艺学（中级）','刁玉锋',13.00,13.00,10.0,'哈尔滨工程大学','2006-10',1,97,0,'2006-10',16,'CB-011','F4FBD087EB054CA1896093F172AC33D9','book_img/CB-011_w.jpg','book_img/CB-011_b.jpg',12),('ED0DFB0C5F9B4DF1A6176BAEC55AB88C','船舶油漆工手册（英文版）','赵洪江',NULL,NULL,10.0,'江苏科技大学船舶与海洋工程学院','2006-5',1,101,0,'2006-5',16,'CB-040','D45D96DA359A4FEAB3AB4DCF2157FC06','book_img/CB-040_w.jpg','book_img/CB-040_b.jpg',48),('ED3BEAAD1E15443185DB7C08085E0A07','造船材料','汤维余等',12.00,12.00,10.0,'哈尔滨工程大学','1994-8',1,116,0,'1994-8',16,'CB-090','D45D96DA359A4FEAB3AB4DCF2157FC06','book_img/CB-090_w.jpg','book_img/CB-090_b.jpg',118),('EE57280307BE4CE69B23934B882F098D','船机检修技术','施祝斌',28.00,28.00,10.0,'哈尔滨工程大学','2006-9',1,280,0,'2006-9',16,'CB-115','65640549B80E40B1981CDEC269BFFCAD','book_img/CB-115_w.jpg','book_img/CB-115_b.jpg',144),('EF16C19BCE564B5996B1C968A9007448','舰船知识','许淼',20.00,20.00,10.0,'无','',1,192,0,'',16,'CBZ-001/1','5F79D0D246AD4216AC04E9C5FAB3199E','book_img/CBZ-001-1_w.jpg','book_img/CBZ-001-1_b.jpg',264),('F13075BA6F1B458185C7B42101C429B1','船舶建造安全技术','王勤章',15.00,15.00,10.0,'哈尔滨工程大学','2005-2',1,356,0,'2005-2',16,'CB-002','D45D96DA359A4FEAB3AB4DCF2157FC06','book_img/CB-002_w.jpg','book_img/CB-002_b.jpg',3),('F152A87553C545B5AA28236AEECFDC6B','船舶设计原理','顾敏童',29.00,29.00,10.0,'上海交通大学','1988-7',1,277,0,'1988-7',16,'CB-030/2','D45D96DA359A4FEAB3AB4DCF2157FC06','book_img/CB-030_w.jpg','book_img/CB-030_b.jpg',37),('F4A956933C774902AFE291D8FA08FED4','船体CAD∕CAM','彭辉',28.00,28.00,10.0,'人民交通','2007-1',1,236,0,'2007-1',16,'CB-073/4','D45D96DA359A4FEAB3AB4DCF2157FC06','book_img/CB-073_w.jpg','book_img/CB-073_b.jpg',101),('F4F75129D45248718DDDAECF2784AF86','船舶建造质量检验','陆俊岫',35.00,35.00,10.0,'哈尔滨工程大学','',1,480,0,'',16,'CB-070/1','65640549B80E40B1981CDEC269BFFCAD','book_img/CB-070_w.jpg','book_img/CB-070_b.jpg',94),('F5ECB17465B44C0B8A04F297B09DE2C8','船舶英语口语','赵洪江',NULL,NULL,10.0,'船舶英语编写组','2006',1,320,0,'2006',16,'CB-051','D45D96DA359A4FEAB3AB4DCF2157FC06','book_img/jinggao_w.jpg','book_img/jinggao_b.jpg',59),('F60EC5E51E354A7FACC153BFF06926FE','高级船舶焊接工操作技能','吕文坤等',17.50,17.50,10.0,'哈尔滨工程大学','2002-4',1,193,0,'2002-4',16,'CB-151','F5C091B3967442A2B35EFEFC4EF8746F','book_img/CB-151_w.jpg','book_img/CB-151_b.jpg',193),('F63547925E804E478F3F4B7F9B53C4B1','造船成组技术','彭公武，刘颖研',9.00,9.00,10.0,'武汉船舶职业技术学院教材编审室','2005-8',1,151,0,'2005-8',16,'CB-036','D45D96DA359A4FEAB3AB4DCF2157FC06','book_img/CB-036_w.jpg','book_img/CB-036_b.jpg',43),('F6A35BD424D8461389B3EB14DA572C11','轮机电工','王景代',40.00,40.00,10.0,'人民交通','2012-1',1,371,0,'2012-1',16,'CB-159','F4FBD087EB054CA1896093F172AC33D9','book_img/CB-159_w.jpg','book_img/CB-159_b.jpg',201),('F7F4C5EC9B8545AE9DDAE349BBE3FA0E','焊接质量管理与控制读本','张应力',58.00,58.00,10.0,'化学工业出版社','2010-6',1,343,0,'2010-6',16,'CB-141/2','F5C091B3967442A2B35EFEFC4EF8746F','book_img/CB-141_w.jpg','book_img/CB-141_b.jpg',183),('F82AD8FB0DEB4D6ABFB911C53ED24A9F','船舶电站','丛培亭',25.00,25.00,10.0,'人民交通','2006-8',1,211,0,'2006-8',16,'CB-196','5F79D0D246AD4216AC04E9C5FAB3199E','book_img/CB-196_w.jpg','book_img/CB-196_b.jpg',240),('F97DF00488394F63A74D21F9D51C9377','造船成组技术','赵东',10.30,10.30,10.0,'江苏科技大学','2005-6',1,158,0,'2005-6',16,'CB-123/2','D45D96DA359A4FEAB3AB4DCF2157FC06','book_img/CB-123_w.jpg','book_img/CB-123_b.jpg',159),('FA58C4F070D94BE79F2F0A57A55AA142','熔焊方法及设备','王宗杰',28.00,28.00,10.0,'机械工业出版社','2014-1',1,327,0,'2014-1',16,'CB-202/2','F5C091B3967442A2B35EFEFC4EF8746F','book_img/CB-202_w.jpg','book_img/CB-202_b.jpg',254),('FA738185CE99423387984106ED5A5B11','高级船舶焊接工操作技能','吕文坤等',23.00,23.00,10.0,'哈尔滨工程大学','2002-4',1,193,0,'2002-4',16,'CB-091','F5C091B3967442A2B35EFEFC4EF8746F','book_img/jinggao_w.jpg','book_img/jinggao_b.jpg',119),('FAF5A572BC6C429C8C80ACEFD088BA49','船舶结构与制图','魏莉洁',38.00,38.00,10.0,'人民交通','2006-8',1,322,0,'2006-8',16,'CB-039/2','D45D96DA359A4FEAB3AB4DCF2157FC06','book_img/CB-039-2_w.jpg','book_img/CB-039-2_b.jpg',47),('FB1875EDD79F459B8A5D7B5EE52B08C3','船舶内装工程','李庆宁',24.00,24.00,10.0,'哈尔滨工程大学','2007-3',1,211,0,'2007-3',16,'CB-078','D45D96DA359A4FEAB3AB4DCF2157FC06','book_img/CB-078_w.jpg','book_img/CB-078_b.jpg',106),('FD543FCFE89545D0B8C8802427B55D20','铆工','刑玉晶，王维中，付文俊等',25.00,25.00,10.0,'化学工业出版社','2009-11',1,352,0,'2009-11',16,'CB-138','F4FBD087EB054CA1896093F172AC33D9','book_img/CB-138_w.jpg','book_img/CB-138_b.jpg',179),('FE334F54D58E4187ABAC8773FD60FA5B','船舶防腐与涂装','彭辉等',25.00,25.00,10.0,'哈尔滨工程大学','2006-8',1,240,0,'2006-8',16,'CB-110','D45D96DA359A4FEAB3AB4DCF2157FC06','book_img/CB-110_w.jpg','book_img/CB-110_b.jpg',139),('FE3F80C8197C42FF86B243355462B961','船舶原理（下册）','盛振邦，刘应中',43.00,43.00,10.0,'上海交通大学','2004-5',1,450,0,'2004-5',16,'CB-032','D45D96DA359A4FEAB3AB4DCF2157FC06','book_img/CB-032_w.jpg','book_img/CB-032_b.jpg',39),('FFD2089A33324A00893CE55EAAB1CB18','船舶修造英语（含光盘）','王占礼，陈朝霞',68.00,68.00,10.0,'中国水利水电','2010-3',1,344,0,'2010-3',16,'CB-189','D45D96DA359A4FEAB3AB4DCF2157FC06','book_img/CB-189_w.jpg','book_img/CB-189_b.jpg',233);
/*!40000 ALTER TABLE `t_book` ENABLE KEYS */;
UNLOCK TABLES;

--
-- Table structure for table `t_cartitem`
--

DROP TABLE IF EXISTS `t_cartitem`;
/*!40101 SET @saved_cs_client     = @@character_set_client */;
/*!40101 SET character_set_client = utf8 */;
CREATE TABLE `t_cartitem` (
  `cartItemId` char(32) NOT NULL,
  `quantity` int(11) DEFAULT NULL,
  `bid` char(32) DEFAULT NULL,
  `uid` char(32) DEFAULT NULL,
  `orderBy` int(11) NOT NULL AUTO_INCREMENT,
  PRIMARY KEY (`cartItemId`),
  KEY `orderBy` (`orderBy`),
  KEY `FK_t_cartitem_t_user` (`uid`),
  KEY `FK_t_cartitem_t_book` (`bid`),
  CONSTRAINT `FK_t_cartitem_t_book` FOREIGN KEY (`bid`) REFERENCES `t_book` (`bid`),
  CONSTRAINT `FK_t_cartitem_t_user` FOREIGN KEY (`uid`) REFERENCES `t_user` (`uid`)
) ENGINE=InnoDB DEFAULT CHARSET=utf8;
/*!40101 SET character_set_client = @saved_cs_client */;

--
-- Dumping data for table `t_cartitem`
--

LOCK TABLES `t_cartitem` WRITE;
/*!40000 ALTER TABLE `t_cartitem` DISABLE KEYS */;
/*!40000 ALTER TABLE `t_cartitem` ENABLE KEYS */;
UNLOCK TABLES;

--
-- Table structure for table `t_category`
--

DROP TABLE IF EXISTS `t_category`;
/*!40101 SET @saved_cs_client     = @@character_set_client */;
/*!40101 SET character_set_client = utf8 */;
CREATE TABLE `t_category` (
  `cid` char(32) NOT NULL,
  `cname` varchar(50) DEFAULT NULL,
  `pid` char(32) DEFAULT NULL,
  `desc` varchar(100) DEFAULT NULL,
  `orderBy` int(11) NOT NULL AUTO_INCREMENT,
  PRIMARY KEY (`cid`),
  UNIQUE KEY `cname` (`cname`),
  KEY `FK_t_category_t_category` (`pid`),
  KEY `orderBy` (`orderBy`),
  CONSTRAINT `FK_t_category_t_category` FOREIGN KEY (`pid`) REFERENCES `t_category` (`cid`)
) ENGINE=InnoDB AUTO_INCREMENT=42 DEFAULT CHARSET=utf8;
/*!40101 SET character_set_client = @saved_cs_client */;

--
-- Dumping data for table `t_category`
--

LOCK TABLES `t_category` WRITE;
/*!40000 ALTER TABLE `t_category` DISABLE KEYS */;
INSERT INTO `t_category` VALUES ('1','船舶工程技术',NULL,'船舶工程技术分类',1),('1009DC56C18E4231B197B73CC89B0D7E','航海其他','7','航海其他分类',38),('2','焊接技术与自动化',NULL,'焊接技术与自动化分类',2),('3','船舶检验',NULL,'船舶检验分类',3),('34000D7FB55E49D9A6B1B2C59F472AFA','船动其他','6','船动其他分类',41),('4','空调工程技术',NULL,'空调工程技术分类',4),('5','船舶机械工程技术',NULL,'船舶机械工程技术分类',5),('56AD72718C524147A2485E5F4A95A062','检验其他','3','检验其他分类',21),('5F79D0D246AD4216AC04E9C5FAB3199E','其他的图书','8','其他的图书分类',10),('6','船舶动力工程技术',NULL,'船舶动力工程技术分类',6),('65640549B80E40B1981CDEC269BFFCAD','检验基础','3','检验基础分类',20),('65830AB237EF428BAE9B7ADC78A8D1F6','空调其他','4','空调其他分类',28),('7','航海技术',NULL,'航海技术分类',7),('8','其他',NULL,'其他分类',8),('96F209F79DB242E9B99CC1B98FAB01DB','船机其他','5','船机其他分类',33),('9AF0184F04364D5DA378FD386434628E','航海基础','7','航海基础分类',37),('A9CFBED0F77746C5BD751F2502FAB2CD','船动基础','6','船动基础分类',35),('C4DD8CA232864B31A367EE135D86382C','焊接其他','2','焊接其他分类',17),('C9A99210D5914AAAB1232AB4F64A2B7B','船体专业其他','1','船体专业其他分类',40),('D45D96DA359A4FEAB3AB4DCF2157FC06','船体专业基础','1','船体专业基础分类',11),('F4FBD087EB054CA1896093F172AC33D9','船机基础','5','船机基础分类',30),('F5C091B3967442A2B35EFEFC4EF8746F','焊接基础','2','焊接基础分类',16),('FAB7B7F7084F4D57A0808ADC61117683','空调基础','4','空调基础分类',26);
/*!40000 ALTER TABLE `t_category` ENABLE KEYS */;
UNLOCK TABLES;

--
-- Table structure for table `t_order`
--

DROP TABLE IF EXISTS `t_order`;
/*!40101 SET @saved_cs_client     = @@character_set_client */;
/*!40101 SET character_set_client = utf8 */;
CREATE TABLE `t_order` (
  `oid` char(32) NOT NULL,
  `ordertime` char(19) DEFAULT NULL,
  `total` decimal(10,2) DEFAULT NULL,
  `status` int(11) DEFAULT NULL,
  `address` varchar(1000) DEFAULT NULL,
  `uid` char(32) DEFAULT NULL,
  PRIMARY KEY (`oid`),
  KEY `FK_t_order_t_user` (`uid`),
  CONSTRAINT `FK_t_order_t_user` FOREIGN KEY (`uid`) REFERENCES `t_user` (`uid`)
) ENGINE=InnoDB DEFAULT CHARSET=utf8;
/*!40101 SET character_set_client = @saved_cs_client */;

--
-- Dumping data for table `t_order`
--

LOCK TABLES `t_order` WRITE;
/*!40000 ALTER TABLE `t_order` DISABLE KEYS */;
/*!40000 ALTER TABLE `t_order` ENABLE KEYS */;
UNLOCK TABLES;

--
-- Table structure for table `t_orderitem`
--

DROP TABLE IF EXISTS `t_orderitem`;
/*!40101 SET @saved_cs_client     = @@character_set_client */;
/*!40101 SET character_set_client = utf8 */;
CREATE TABLE `t_orderitem` (
  `orderItemId` char(32) NOT NULL,
  `quantity` int(11) DEFAULT NULL,
  `subtotal` decimal(8,2) DEFAULT NULL,
  `bid` char(32) DEFAULT NULL,
  `bname` varchar(200) DEFAULT NULL,
  `registrationNumber` varchar(10) DEFAULT NULL,
  `currPrice` decimal(8,2) DEFAULT NULL,
  `image_b` varchar(100) DEFAULT NULL,
  `oid` char(32) DEFAULT NULL,
  PRIMARY KEY (`orderItemId`),
  KEY `FK_t_orderitem_t_order` (`oid`),
  CONSTRAINT `FK_t_orderitem_t_order` FOREIGN KEY (`oid`) REFERENCES `t_order` (`oid`)
) ENGINE=InnoDB DEFAULT CHARSET=utf8;
/*!40101 SET character_set_client = @saved_cs_client */;

--
-- Dumping data for table `t_orderitem`
--

LOCK TABLES `t_orderitem` WRITE;
/*!40000 ALTER TABLE `t_orderitem` DISABLE KEYS */;
/*!40000 ALTER TABLE `t_orderitem` ENABLE KEYS */;
UNLOCK TABLES;

--
-- Table structure for table `t_user`
--

DROP TABLE IF EXISTS `t_user`;
/*!40101 SET @saved_cs_client     = @@character_set_client */;
/*!40101 SET character_set_client = utf8 */;
CREATE TABLE `t_user` (
  `uid` char(32) NOT NULL,
  `loginname` varchar(50) DEFAULT NULL,
  `loginpass` varchar(50) DEFAULT NULL,
  `email` varchar(50) DEFAULT NULL,
  `status` tinyint(1) DEFAULT NULL,
  `activationCode` char(64) DEFAULT NULL,
  PRIMARY KEY (`uid`),
  UNIQUE KEY `loginname` (`loginname`)
) ENGINE=InnoDB DEFAULT CHARSET=utf8;
/*!40101 SET character_set_client = @saved_cs_client */;

--
-- Dumping data for table `t_user`
--

LOCK TABLES `t_user` WRITE;
/*!40000 ALTER TABLE `t_user` DISABLE KEYS */;
INSERT INTO `t_user` VALUES ('001E99DC6671406DBDA16118CB9BBE70','熊振林','888888','111126@qq.com',1,'0D98C33456D044109AF0CD9AF970551CEED4596A71974FE3B96E295F4465105E'),('009C1D6E71344003B065CC2FF6E1C19D','杨珍子','888888','111118@qq.com',1,'04446794DF1F4F62A8DAE6BD32719BA0E30B51328F2245898EAD987B1193915E'),('01F07043951449C99B36B8956F917830','何七荣','888888','111141@qq.com',1,'36FDD44E8CBE4417A50F844DFE00591677F9C8393ED9491684153F1C1F25D8F3'),('04A52493202A4E41BC2F209F6BA0ABCC','桑玉蕊','888888','111142@qq.com',1,'A8725B27EBEF4885B241738039742612E7662FF3B1AB425CACDF1DB7B0B672C1'),('116A516E4E8542A7B8E102D859CC5CE1','孙超','888888','111143@qq.com',1,'072248F97EDF4D6E85073EA5C43018E2E2FB43E5B9F44B16BF5FCDAEE59C1168'),('154D9032FA904626A80F752334DF19CD','刘赣华','888888','111150@qq.com',1,'B1A7B625960347F1B8BB70F80218C079F4DD50FC891B439B990E4CF16EDDD37F'),('1B06E2932A9541FC86C8B6B370823FD2','周卫平','888888','111135@qq.com',1,'03FCBD898E6440C897C67C01EE683C0F4782C003458D415EB601860EA6BED5BC'),('1C3F5D68F1E14ED19E4ABD6FFD2C2114','张施楠','888888','111132@qq.com',1,'5E0A3B303F9B4FBDBE1D940C964F00154CEFBD2C516F445090EE5F4241885FB3'),('1DC5633887214323AC39F2BAA2C70974','李伟','888888','111128@qq.com',1,'BC1595B2F7B945F2BA28CAC18521F6F8F6A620AEEDC14470849E29BD6B7D4491'),('1DFA1FD99464492E89664B3D4717CFBB','徐剑','888888','111144@qq.com',1,'24F01599CF244523905DDA698C5FFDD1B4622A3F08564A16967EB3ABC7136DA8'),('262AA1BBB2D9463D85B7B77DE9C935F6','连树清','888888','111146@qq.com',1,'B34A7D8629844C0C86C919F3B0B2918A4FDD7B357415463FB4CF627C94D90DBD'),('280EEB59AFEE487A8EA40F6AC31BE646','罗威','888888','111138@qq.com',1,'F55D7045C203406D96E6E7AC9A0890E428284BF6B94B410C923B2E655DF31988'),('288A85B2C2974684AACA656B8CF491E2','展龙','888888','111121@qq.com',1,'D512E208BF64436F9A0BA1A9028C6BCC5FE4BB4CA0FD41AB93132ED8D2D0F2E6'),('2E9B478D75394B56A61255D74CED67C7','江明','888888','111148@qq.com',1,'2C603B35EA964D5B89C933616F585AFA243F8A6A58EA45A2999B84A062997D0C'),('31A145058D9E4214A6AD061513C5AFAE','高靖','888888','111111@qq.com',1,'D09144F0700B480FAF28D01439DD1692978FC833F88A497A8B97E5B13DAA56B4'),('392D3681C393407CBADBE57C352C86D3','徐海青','888888','111124@qq.com',1,'978B125AF6664040AD5591623022DE52F03EB9E41D194693AD0696BC42F1B697'),('3BDD90B20ECC4C7AA13F2908A1CECA73','张伟明','888888','111127@qq.com',1,'8DC59926DD934E42A13A28FB7984C3936BF6E3247C8C49B289324B8CCF5BF645'),('40B8EC2426574C9C9BD0F4894CF058BF','肖雄','888888','111140@qq.com',1,'103B1B1923764601B55A5EA385C8152FEEBB2044EC9D440BAC62745AD46CF46F'),('419DC5C15F13453C8F4813CCB22B87C9','李明华','888888','111114@qq.com',1,'AF6BCB80923A4B5EBCCFAD32C2125E1CB9ACDA2E358C4A6EAC8171EB4786D1EC'),('43CE932BD7534B81805FAB9D0BDF275E','吴鸿燕','888888','111130@qq.com',1,'2AC5E4021961439EA2EE80570FC0CC14AA6374DFC9CE419EBC077F8ADAB867CB'),('44B99B4F49074E0EB4194F451384CC3E','吴渡平','888888','111115@qq.com',1,'91588C0F78164C0391863F7E92CB6550B927B44A412741BDACCF039207621112'),('4E376F959C3245879230BD46476F834E','张东升','888888','111117@qq.com',1,'B1ACBE4E3A394516913D0CC67FF00BAAB6367B19131C4156AC1DB7D32B792839'),('549B589E761843ECA9ADBAD3629D443F','闵雪睿','888888','111119@qq.com',1,'9A96321F3209456D9038F2A65C8F96A7FEA17C24F0B846DDA8006A53F0BF535F'),('552240963363431CAB27F69DED276564','凌云霞飞','888888','111149@qq.com',1,'56F9A00060554A17B17401578017C902A5E59EA2A551455D9337CA9D3AF12BBA'),('5788CFE631E84B8A9B55DA517426333D','奚泉','888888','111129@qq.com',1,'B3A43F7F3D704584A0EB841F415CF44145FC3856955744D5A8F28C13AA52948B'),('664B7A8AB764427BBA2926C5EF9BCB1C','彭凡林','888888','111131@qq.com',1,'293FB4FC9E8348A4ABEC685D275517A52E4C07314F534F4692DC34D072B8EEA2'),('6968514CCEDB415E98F7B344CE445DAA','江帆','888888','111113@qq.com',1,'8DEA159DEA7045AF993A82C449C6AA97FEB91B72920042FE8E7B179AC70172B2'),('71D896B666384D0FBE97E261346CE576','郭明慧','888888','111123@qq.com',1,'00E796B1731342BB876687FB36D031F46FD5813E043D466F8AA22428C60656D5'),('7E4C9C0746E24B35B6C0EBF2E20EFBBC','杨霞','888888','111116@qq.com',1,'29DA05B32F064F5AB76E77DFA73EDA90042F24DC7A334420A3174EB2F5211E13'),('89A9A4B5D4B849A7BE0AC1C00B39C42B','左迁','888888','111134@qq.com',1,'0EACC43EC55E415183442BE36B9F7DFBDBF64294C0004801B4351DD22C721707'),('8EC439804C6342E3ACD3719B4E42B03C','朱庆太','888888','111145@qq.com',1,'37525F9D8DB941E09B968D038A83C0051A39196757DA485891AB7DAFD29F408E'),('A9F866859EDD4A0698D0A5E22F55B168','彭欣健','888888','111112@qq.com',1,'800AB8F3B943458AA58B681C37958928EEA87E36CCB044F7A4799B1A261FE13C'),('B22530B542054B3EB0D2BEBA67D90CA9','陈永备','888888','111137@qq.com',1,'DCA105474BD14CF2A881C2315700613DFC796C76DA3E4C59B22CA2C85257FB1B'),('BD07677500DF4524B3A6A4C9C7570864','邢燕','888888','111139@qq.com',1,'5C95A83831214034803C3D130FB9C23F97DA8BBD32C6477589B7B60BD5654C69'),('C4BF65B21E7E4493875B27449347E30D','陈炯','888888','111120@qq.com',1,'8F0D21B6ABB94FFE8612CEFE81568AAB986031F9183C469DBDE9492ADC074CD8'),('D7057F5534604E23943DDD7EC21B0270','吴振勇','888888','111133@qq.com',1,'CA722CB802D14D5AB0AF5EEAAB4D050F1CA64935881447688A662144BE097195'),('DB91285C83E14620BC766FE5220E0711','吴伟国','888888','111122@qq.com',1,'A86C85541DDF4ED7AFCB3449918BE12196E66B8024CE4F6E97771E78E57DB8FB'),('DD0390F546694444B19433A6A8B9449C','孙坚','888888','111147@qq.com',1,'DA9F35817A48469BA98BE92B4CFCB4EB8E82F2C17855479685A0374E52824D91'),('E213F2AA5D464876AC09995E431E174D','张远刚','888888','111136@qq.com',1,'8131DEF501CA44439BE2644A87306689AE5D494BD2AA418AB0A91D91B107FA9D'),('F4A52625DD7E4F63960245CDD024A909','汪涛','888888','111125@qq.com',1,'E574410495AE421882F52ABF5D6C0ECC4A39732BB1744F67950A4928772E7A05');
/*!40000 ALTER TABLE `t_user` ENABLE KEYS */;
UNLOCK TABLES;
/*!40103 SET TIME_ZONE=@OLD_TIME_ZONE */;

/*!40101 SET SQL_MODE=@OLD_SQL_MODE */;
/*!40014 SET FOREIGN_KEY_CHECKS=@OLD_FOREIGN_KEY_CHECKS */;
/*!40014 SET UNIQUE_CHECKS=@OLD_UNIQUE_CHECKS */;
/*!40101 SET CHARACTER_SET_CLIENT=@OLD_CHARACTER_SET_CLIENT */;
/*!40101 SET CHARACTER_SET_RESULTS=@OLD_CHARACTER_SET_RESULTS */;
/*!40101 SET COLLATION_CONNECTION=@OLD_COLLATION_CONNECTION */;
/*!40111 SET SQL_NOTES=@OLD_SQL_NOTES */;

-- Dump completed on 2020-10-26 20:09:40
